Word,Root,Wordlength,Structure,Lexicality,Length,Frequency,Morphological Complexity,Zipf Frequency,Condition
surenchère,chère,10,ppr,real,long,low,complex,3.22,RLLC
redecouvre,couvre,10,ppr,real,long,low,complex,0.0,RLLC
redéfaire,faire,9,ppr,real,long,low,complex,0.0,RLLC
imprévu,vu,7,ppr,real,long,low,complex,3.35,RLLC
hyperespace,espace,11,pr_long,real,long,low,complex,2.26,RLLC
contretemps,temps,11,pr_long,real,long,low,complex,2.91,RLLC
antichambre,chambre,11,pr_long,real,long,low,complex,3.02,RLLC
préhistoire,histoire,11,pr_long,real,long,low,complex,3.38,RLLC
contrefaçon,façon,11,pr_long,real,long,low,complex,3.48,RLLC
contrepoids,poids,11,pr_long,real,long,low,complex,3.03,RLLC
contrepoint,piont,11,pr_long,real,long,low,complex,3.01,RLLC
extralucide,lucide,11,pr_long,real,long,low,complex,1.67,RLLC
impossible,possible,10,pr_long,real,long,high,complex,4.98,RLHC
découverte,couverte,10,pr_long,real,long,high,complex,4.73,RLHC
recouverte,couverte,10,pr_long,real,long,medium,complex,3.56,RLHC
transporte,porte,10,pr_long,real,long,medium,complex,3.63,RLHC
transperce,perce,10,pr_long,real,long,low,complex,2.62,RLLC
déshonneur,honneur,10,pr_long,real,long,low,complex,3.04,RLLC
interphone,phone,10,pr_long,real,long,low,complex,3.01,RLLC
infrarouge,rouge,10,pr_long,real,long,low,complex,3.34,RLLC
inefficace,efficace,10,pr_long,real,long,low,complex,3.39,RLLC
entrejambe,jambe,10,pr_long,real,long,low,complex,2.85,RLLC
contrecœur,cœur,10,pr_long,real,long,low,complex,2.77,RLLC
découvert,couvert,9,pr_long,real,long,high,complex,4.72,RLHC
désespoir,espoir,9,pr_long,real,long,medium,complex,3.89,RLHC
indiscret,discret,9,pr_long,real,long,low,complex,3.11,RLLC
réconfort,confort,9,pr_long,real,long,medium,complex,3.52,RLHC
recouvert,couvert,9,pr_long,real,long,medium,complex,3.74,RLHC
désaccord,accord,9,pr_long,real,long,medium,complex,3.88,RLHC
décompose,compose,9,pr_long,real,long,low,complex,3.25,RLLC
surcharge,charge,9,pr_long,real,long,low,complex,3.44,RLLC
incorrect,correct,9,pr_long,real,long,low,complex,3.13,RLLC
infortune,fortune,9,pr_long,real,long,low,complex,2.86,RLLC
poursuit,suit,8,pr,real,long,high,complex,4.41,RLHC
remarque,marque,8,pr,real,long,high,complex,4.54,RLHC
désordre,ordre,8,pr,real,long,medium,complex,3.83,RLHC
immobile,mobile,8,pr,real,long,medium,complex,3.53,RLHC
recourir,courir,8,pr,real,long,medium,complex,3.8,RLHC
déplaire,plaire,8,pr,real,long,low,complex,3.28,RLLC
infidèle,fidèle,8,pr,real,long,low,complex,3.43,RLLC
démontre,montre,8,pr,real,long,high,complex,4.09,RLHC
instable,stable,8,pr,real,long,medium,complex,3.71,RLHC
surpasse,passe,8,pr,real,long,low,complex,3.24,RLLC
invalide,valide,8,pr,real,long,low,complex,3.25,RLLC
ensuite,suite,7,pr,real,long,high,complex,5.35,RLHC
dérange,range,7,pr,real,long,high,complex,4.32,RLHC
refaire,faire,7,pr,real,long,high,complex,4.37,RLHC
inconnu,connu,7,pr,real,long,high,complex,4.38,RLHC
illégal,légal,7,pr,real,long,high,complex,4.06,RLHC
injuste,juste,7,pr,real,long,high,complex,4.08,RLHC
prévoir,voir,7,pr,real,long,high,complex,4.2,RLHC
défonce,fonce,7,pr,real,long,low,complex,3.41,RLLC
coopère,opère,7,pr,real,long,low,complex,2.86,RLLC
indigne,digne,7,pr,real,long,medium,complex,3.79,RLHC
revoilà,voilà,7,pr,real,long,low,complex,3.12,RLLC
informe,forme,7,pr,real,long,medium,complex,3.86,RLHC
prénom,nom,6,pr,real,short,high,complex,4.48,RSHC
pourvu,vu,6,pr,real,short,medium,complex,3.85,RSHC
survie,vie,6,pr,real,short,high,complex,4.24,RSHC
surnom,nom,6,pr,real,short,medium,complex,3.95,RSHC
détour,tour,6,pr,real,short,medium,complex,3.91,RSHC
dégoût,goût,6,pr,real,short,medium,complex,3.59,RSHC
relire,lire,6,pr,real,short,medium,complex,3.79,RSHC
impoli,poli,6,pr,real,short,low,complex,2.99,RSLC
irréel,réel,6,pr,real,short,low,complex,3.09,RSLC
inapte,apte,6,pr,real,short,low,complex,2.98,RSLC
enfin,fin,5,pr,real,short,high,complex,5.47,RSHC
remet,met,5,pr,real,short,high,complex,4.24,RSHC
enfui,fui,5,pr,real,short,low,complex,3.12,RSLC
prévu,vu,5,pr,real,short,high,complex,4.78,RSHC
revue,vue,5,pr,real,short,high,complex,4.72,RSHC
envol,vol,5,pr,real,short,low,complex,3.44,RSLC
impur,pur,5,pr,real,short,low,complex,3.02,RSLC
relit,lit,5,pr,real,short,low,complex,2.64,RSLC
réaction,act,8,prs,real,long,high,complex,4.68,RLHC
immortel,mort,8,prs,real,long,low,complex,3.44,RLLC
réacteur,act,8,prs,real,long,medium,complex,3.76,RLHC
dévotion,vot,8,prs,real,long,low,complex,3.46,RLLC
impulsif,puls,8,prs,real,long,low,complex,3.08,RLLC
assureur,sur,8,prs,real,long,medium,complex,3.62,RLHC
immuable,mu,8,prs,real,long,low,complex,3.2,RLLC
dérision,ris,8,prs,real,long,low,complex,3.43,RLLC
enivrant,ivr,8,prs,real,long,low,complex,2.56,RLLC
impunité,pun,8,prs,real,long,medium,complex,3.69,RLHC
infinie,fin,7,prs,real,long,medium,complex,3.66,RLHC
renégat,nég,7,prs,real,long,low,complex,2.64,RLLC
reliure,li,7,prs,real,long,low,complex,3.12,RLLC
immortalité,mort,11,prss,real,long,low,complex,3.35,RLLC
ingéniosité,gén,11,prss,real,long,low,complex,3.14,RLLC
incrédulité,créd,11,prss,real,long,low,complex,2.93,RLLC
impulsivité,puls,11,prss,real,long,low,complex,2.61,RLLC
insonorité,son,10,prss,real,long,low,complex,0.0,RLLC
vraiment,vrai,8,rs,real,long,high,complex,5.8,RLHC
sûrement,sûre,8,rs,real,long,high,complex,4.7,RLHC
sécurité,sécur,8,rs,real,long,high,complex,5.24,RLHC
étranger,étrang,8,rs,real,long,high,complex,4.86,RLHC
français,franç,8,rs,real,long,high,complex,5.78,RLHC
décision,décis,8,rs,real,long,high,complex,4.97,RLHC
quartier,quart,8,rs,real,long,high,complex,4.93,RLHC
position,posit,8,rs,real,long,high,complex,5.07,RLHC
deuxième,deux,8,rs,real,long,high,complex,5.24,RLHC
charmant,charm,8,rs,real,long,medium,complex,4.0,RLHC
certain,cert,7,rs,real,long,high,complex,5.07,RLHC
service,serv,7,rs,real,long,high,complex,5.42,RLHC
mariage,mari,7,rs,real,long,high,complex,5.05,RLHC
liberté,liber,7,rs,real,long,high,complex,5.05,RLHC
maladie,malad,7,rs,real,long,high,complex,4.88,RLHC
urgence,urg,7,rs,real,long,high,complex,4.67,RLHC
terrain,terr,7,rs,real,long,high,complex,4.98,RLHC
réalité,réal,7,rs,real,long,high,complex,5.04,RLHC
justice,just,7,rs,real,long,high,complex,5.12,RLHC
artiste,art,7,rs,real,long,high,complex,4.74,RLHC
normal,norm,6,rs,real,short,high,complex,4.9,RSHC
génial,géni,6,rs,real,short,high,complex,4.51,RSHC
soirée,soir,6,rs,real,short,high,complex,5.0,RSHC
sortie,sort,6,rs,real,short,high,complex,5.13,RSHC
acteur,act,6,rs,real,short,high,complex,4.64,RSHC
action,act,6,rs,real,short,high,complex,5.17,RSHC
amitié,ami,6,rs,real,short,high,complex,4.55,RSHC
joueur,jou,6,rs,real,short,high,complex,4.98,RSHC
mortel,mort,6,rs,real,short,medium,complex,3.93,RSHC
fierté,fier,6,rs,real,short,high,complex,4.21,RSHC
postal,post,6,rs,real,short,medium,complex,3.58,RSHC
tueur,tu,5,rs,real,short,high,complex,4.05,RSHC
malin,mal,5,rs,real,short,high,complex,4.15,RSHC
idéal,idé,5,rs,real,short,high,complex,4.47,RSHC
final,fin,5,rs,real,short,high,complex,4.87,RSHC
usage,us,5,rs,real,short,high,complex,4.83,RSHC
hâtif,hât,5,rs,real,short,low,complex,2.63,RSLC
nasal,nas,5,rs,real,short,low,complex,2.78,RSLC
gaité,gai,5,rs,real,short,low,complex,2.55,RSLC
mural,mur,5,rs,real,short,low,complex,2.86,RSLC
usité,us,5,rs,real,short,low,complex,2.8,RSLC
normalement,norm,11,rss,real,long,high,complex,4.52,RLHC
électricité,électr,11,rss,real,long,high,complex,4.57,RLHC
visiblement,vis,11,rss,real,long,high,complex,4.27,RLHC
sensibilité,sens,11,rss,real,long,high,complex,4.1,RLHC
exclusivité,exclus,11,rss,real,long,medium,complex,3.78,RLHC
nationalité,nation,11,rss,real,long,high,complex,4.27,RLHC
agressivité,agress,11,rss,real,long,medium,complex,3.64,RLHC
supériorité,supér,11,rss,real,long,medium,complex,3.83,RLHC
criminalité,crimin,11,rss,real,long,medium,complex,3.73,RLHC
typiquement,typ,11,rss,real,long,medium,complex,3.74,RLHC
finalement,fin,10,rss,real,long,high,complex,5.02,RLHC
artistique,art,10,rss,real,long,high,complex,4.42,RLHC
socialisme,soci,10,rss,real,long,medium,complex,3.96,RLHC
émotionnel,émot,10,rss,real,long,medium,complex,3.59,RLHC
visibilité,vis,10,rss,real,long,high,complex,4.06,RLHC
activement,act,10,rss,real,long,medium,complex,3.98,RLHC
sensualité,sensu,10,rss,real,long,low,complex,3.25,RLLC
royalement,roy,10,rss,real,long,low,complex,3.12,RLLC
neutralité,neutr,10,rss,real,long,medium,complex,3.91,RLHC
malicieuse,mal,10,rss,real,long,low,complex,2.57,RLLC
sacrifice,sacr,9,rss,real,long,high,complex,4.03,RLHC
sexualité,sex,9,rss,real,long,medium,complex,3.98,RLHC
formalité,form,9,rss,real,long,low,complex,3.36,RLLC
brutalité,brut,9,rss,real,long,medium,complex,3.5,RLHC
captivité,capt,9,rss,real,long,medium,complex,3.61,RLHC
idéaliste,idé,9,rss,real,long,low,complex,3.25,RLLC
mortalité,mort,9,rss,real,long,medium,complex,3.93,RLHC
pesanteur,pes,9,rss,real,long,low,complex,2.97,RLLC
idéalisme,idé,9,rss,real,long,low,complex,3.07,RLLC
éditorial,édit,9,rss,real,long,medium,complex,3.58,RLHC
passager,pass,8,rss,real,long,medium,complex,3.87,RLHC
festival,fest,8,rss,real,long,high,complex,4.77,RLHC
tonalité,ton,8,rss,real,long,low,complex,3.38,RLLC
vitalité,vit,8,rss,real,long,medium,complex,3.55,RLHC
finalité,fin,8,rss,real,long,medium,complex,3.59,RLHC
sonorité,son,8,rss,real,long,low,complex,3.17,RLLC
nativité,nat,8,rss,real,long,low,complex,3.02,RLLC
orbital,orb,7,rss,real,long,low,complex,2.84,RLLC
réalisateur,réal,11,rsss,real,long,high,complex,4.37,RLHC
utilisation,util,11,rsss,real,long,high,complex,4.84,RLHC
réalisation,réal,11,rsss,real,long,high,complex,4.59,RLHC
ventilation,vent,11,rsss,real,long,medium,complex,3.59,RLHC
ventilateur,vent,11,rsss,real,long,low,complex,3.37,RLLC
utilisateur,util,11,rsss,real,long,high,complex,4.25,RLHC
puritanisme,pur,11,rsss,real,long,low,complex,2.56,RLLC
égalisateur,égal,11,rsss,real,long,low,complex,2.27,RLLC
activation,act,10,rsss,real,long,low,complex,3.46,RLLC
créativité,cré,10,rsss,real,long,medium,complex,3.85,RLHC
abracadabra,,11,r,real,long,low,simple,2.23,RLLS
catastrophe,,11,r,real,long,high,simple,4.23,RLHS
escarmouche,,11,r,real,long,low,simple,2.66,RLLS
chiquenaude,,11,r,real,long,low,simple,1.47,RLLS
grenouille,,10,r,real,long,medium,simple,3.66,RLHS
coqueluche,,10,r,real,long,low,simple,2.98,RLLS
corbillard,,10,r,real,long,low,simple,2.59,RLLS
guérillero,,10,r,real,long,low,simple,2.25,RLLS
holocauste,,10,r,real,long,low,simple,3.37,RLLS
caricature,,10,r,real,long,medium,simple,3.65,RLHS
cellophane,,10,r,real,long,low,simple,2.43,RLLS
rhinocéros,,10,r,real,long,low,simple,3.39,RLLS
ribambelle,,10,r,real,long,low,simple,2.73,RLLS
labyrinthe,,10,r,real,long,medium,simple,3.61,RLHS
salamandre,,10,r,real,long,low,simple,2.73,RLLS
diaphragme,,10,r,real,long,low,simple,3.0,RLLS
lieutenant,,10,r,real,long,high,simple,4.51,RLHS
caoutchouc,,10,r,real,long,medium,simple,3.8,RLHS
capharnaüm,,10,r,real,long,low,simple,2.36,RLLS
cappuccino,,10,r,real,long,low,simple,2.58,RLLS
accessoire,,10,r,real,long,medium,simple,3.65,RLHS
cathédrale,,10,r,real,long,high,simple,4.17,RLHS
escogriffe,,10,r,real,long,low,simple,1.66,RLLS
chambranle,,10,r,real,long,low,simple,2.15,RLLS
champignon,,10,r,real,long,medium,simple,3.54,RLHS
eucalyptus,,10,r,real,long,low,simple,3.04,RLLS
tintamarre,,10,r,real,long,low,simple,2.46,RLLS
tourbillon,,10,r,real,long,low,simple,3.42,RLLS
choucroute,,10,r,real,long,low,simple,3.05,RLLS
clandestin,,10,r,real,long,low,simple,3.48,RLLS
apocalypse,,10,r,real,long,medium,simple,3.79,RLHS
hiérarchie,,10,r,real,long,high,simple,4.06,RLHS
gingembre,,9,r,real,long,low,simple,3.2,RLLS
acquiesça,,9,r,real,long,low,simple,2.31,RLLS
phénomène,,9,r,real,long,high,simple,4.62,RLHS
consensus,,9,r,real,long,high,simple,4.04,RLHS
séquestre,,9,r,real,long,low,simple,2.98,RLLS
bourgeron,,9,r,real,long,low,simple,1.41,RLLS
piédestal,,9,r,real,long,low,simple,3.2,RLLS
bourgogne,,9,r,real,long,high,simple,4.16,RLHS
léthargie,,9,r,real,long,low,simple,2.88,RLLS
pissenlit,,9,r,real,long,low,simple,2.55,RLLS
sollicite,,9,r,real,long,low,simple,3.37,RLLS
pochetron,,9,r,real,long,low,simple,1.1,RLLS
copyright,,9,r,real,long,medium,simple,3.5,RLHS
manifeste,,9,r,real,long,high,simple,4.2,RLHS
manigance,,9,r,real,long,low,simple,2.39,RLLS
manoeuvre,,9,r,real,long,medium,simple,3.52,RLHS
cornichon,,9,r,real,long,low,simple,2.82,RLLS
guilleret,,9,r,real,long,low,simple,2.16,RLLS
guirlande,,9,r,real,long,low,simple,2.98,RLLS
habitacle,,9,r,real,long,low,simple,3.23,RLLS
hamburger,,9,r,real,long,low,simple,3.29,RLLS
bachelier,,9,r,real,long,low,simple,3.11,RLLS
bafouilla,,9,r,real,long,low,simple,1.07,RLLS
pourliche,,9,r,real,long,low,simple,1.18,RLLS
poussière,,9,r,real,long,high,simple,4.11,RLHS
préalable,,9,r,real,long,high,simple,4.14,RLHS
barricade,,9,r,real,long,low,simple,3.02,RLLS
harmonica,,9,r,real,long,low,simple,2.93,RLLS
hécatombe,,9,r,real,long,low,simple,2.92,RLLS
primevère,,9,r,real,long,low,simple,2.13,RLLS
privilège,,9,r,real,long,medium,simple,4.0,RLHS
processus,,9,r,real,long,high,simple,4.79,RLHS
blasphème,,9,r,real,long,low,simple,3.37,RLLS
protocole,,9,r,real,long,high,simple,4.16,RLHS
horoscope,,9,r,real,long,low,simple,3.13,RLLS
couvercle,,9,r,real,long,medium,simple,3.53,RLHS
hurricane,,9,r,real,long,low,simple,2.58,RLLS
catalogue,,9,r,real,long,high,simple,4.29,RLHS
nostalgie,,9,r,real,long,medium,simple,3.86,RLHS
bulldozer,,9,r,real,long,low,simple,2.88,RLLS
crocodile,,9,r,real,long,low,simple,3.44,RLLS
chirurgie,,9,r,real,long,high,simple,4.14,RLHS
orchestre,,9,r,real,long,high,simple,4.18,RLHS
cacahuète,,9,r,real,long,low,simple,3.15,RLLS
cachemire,,9,r,real,long,low,simple,3.3,RLLS
pantoufle,,9,r,real,long,low,simple,2.69,RLLS
kangourou,,9,r,real,long,low,simple,3.08,RLLS
alligator,,9,r,real,long,low,simple,2.85,RLLS
langouste,,9,r,real,long,low,simple,2.51,RLLS
rossignol,,9,r,real,long,low,simple,3.37,RLLS
leitmotiv,,9,r,real,long,low,simple,2.95,RLLS
camembert,,9,r,real,long,low,simple,3.03,RLLS
pharmacie,,9,r,real,long,high,simple,4.01,RLHS
avalanche,,9,r,real,long,medium,simple,3.52,RLHS
sarabande,,9,r,real,long,low,simple,2.27,RLLS
libellule,,9,r,real,long,low,simple,2.78,RLLS
satellite,,9,r,real,long,high,simple,4.08,RLHS
difficile,,9,r,real,long,high,simple,5.17,RLHS
dinosaure,,9,r,real,long,low,simple,3.45,RLLS
diplomate,,9,r,real,long,medium,simple,3.76,RLHS
ambassade,,9,r,real,long,high,simple,4.14,RLHS
magnanime,,9,r,real,long,low,simple,2.69,RLLS
magouille,,9,r,real,long,low,simple,2.86,RLLS
caractère,,9,r,real,long,high,simple,4.8,RLHS
margarine,,9,r,real,long,low,simple,2.81,RLLS
marijuana,,9,r,real,long,low,simple,3.48,RLLS
marmaille,,9,r,real,long,low,simple,2.36,RLLS
marmelade,,9,r,real,long,low,simple,2.53,RLLS
spaghetti,,9,r,real,long,low,simple,3.25,RLLS
spectacle,,9,r,real,long,high,simple,4.73,RLHS
enveloppe,,9,r,real,long,high,simple,4.14,RLHS
cartouche,,9,r,real,long,medium,simple,3.52,RLHS
casserole,,9,r,real,long,medium,simple,3.51,RLHS
cataracte,,9,r,real,long,low,simple,2.82,RLLS
cauchemar,,9,r,real,long,high,simple,4.01,RLHS
améthyste,,9,r,real,long,low,simple,2.53,RLLS
synagogue,,9,r,real,long,low,simple,3.44,RLLS
cérémonie,,9,r,real,long,high,simple,4.46,RLHS
mirabelle,,9,r,real,long,low,simple,2.6,RLLS
espéranto,,9,r,real,long,low,simple,2.74,RLLS
champagne,,9,r,real,long,high,simple,4.37,RLHS
moustache,,9,r,real,long,medium,simple,3.71,RLHS
charlatan,,9,r,real,long,low,simple,2.97,RLLS
chimpanzé,,9,r,real,long,low,simple,2.82,RLLS
cicatrice,,9,r,real,long,low,simple,3.42,RLLS
pacotille,,9,r,real,long,low,simple,2.86,RLLS
clavicule,,9,r,real,long,low,simple,3.06,RLLS
vaisselle,,9,r,real,long,medium,simple,3.98,RLHS
pantomime,,9,r,real,long,low,simple,2.74,RLLS
framboise,,9,r,real,long,low,simple,3.15,RLLS
parchemin,,9,r,real,long,low,simple,3.31,RLLS
concombre,,9,r,real,long,low,simple,3.2,RLLS
véhicule,,8,r,real,long,high,simple,4.61,RLHS
immeuble,,8,r,real,long,high,simple,4.49,RLHS
vinaigre,,8,r,real,long,medium,simple,3.65,RLHS
confetti,,8,r,real,long,low,simple,2.32,RLLS
perplexe,,8,r,real,long,low,simple,3.49,RLLS
perruque,,8,r,real,long,low,simple,3.48,RLLS
personne,,8,r,real,long,high,simple,5.73,RLHS
zodiaque,,8,r,real,long,low,simple,3.32,RLLS
pétanque,,8,r,real,long,low,simple,3.34,RLLS
phalange,,8,r,real,long,low,simple,2.95,RLLS
conquête,,8,r,real,long,high,simple,4.2,RLHS
agricole,,8,r,real,long,high,simple,4.47,RLHS
pingouin,,8,r,real,long,low,simple,3.2,RLLS
aiguille,,8,r,real,long,medium,simple,3.9,RLHS
gouaille,,8,r,real,long,low,simple,2.25,RLLS
contexte,,8,r,real,long,high,simple,4.79,RLHS
amalgame,,8,r,real,long,low,simple,3.49,RLLS
pizzeria,,8,r,real,long,low,simple,3.19,RLLS
amertume,,8,r,real,long,medium,simple,3.54,RLHS
gourmand,,8,r,real,long,low,simple,3.44,RLLS
angoisse,,8,r,real,long,high,simple,4.02,RLHS
graffiti,,8,r,real,long,low,simple,3.29,RLLS
liturgie,,8,r,real,long,low,simple,3.39,RLLS
plastron,,8,r,real,long,low,simple,2.67,RLLS
boussole,,8,r,real,long,low,simple,3.35,RLLS
argentin,,8,r,real,long,medium,simple,3.85,RLHS
poitrail,,8,r,real,long,low,simple,2.42,RLLS
poitrine,,8,r,real,long,high,simple,4.25,RLHS
polisson,,8,r,real,long,low,simple,2.18,RLLS
guenille,,8,r,real,long,low,simple,1.96,RLLS
corniche,,8,r,real,long,low,simple,3.27,RLLS
guimauve,,8,r,real,long,low,simple,2.88,RLLS
marmotte,,8,r,real,long,low,simple,3.02,RLLS
poubelle,,8,r,real,long,high,simple,4.07,RLHS
aisselle,,8,r,real,long,low,simple,2.78,RLLS
pouliche,,8,r,real,long,low,simple,2.52,RLLS
massacre,,8,r,real,long,high,simple,4.13,RLHS
aventure,,8,r,real,long,high,simple,4.59,RLHS
matraque,,8,r,real,long,low,simple,3.31,RLLS
corridor,,8,r,real,long,low,simple,3.41,RLLS
balbutia,,8,r,real,long,low,simple,1.64,RLLS
brancard,,8,r,real,long,low,simple,2.78,RLLS
banquise,,8,r,real,long,low,simple,3.16,RLLS
hanneton,,8,r,real,long,low,simple,2.1,RLLS
artifice,,8,r,real,long,medium,simple,3.78,RLHS
bataille,,8,r,real,long,high,simple,4.7,RLHS
mercerie,,8,r,real,long,low,simple,2.69,RLLS
batterie,,8,r,real,long,high,simple,4.5,RLHS
beaucoup,,8,r,real,long,high,simple,5.75,RLHS
prestige,,8,r,real,long,medium,simple,3.96,RLHS
prétoire,,8,r,real,long,low,simple,2.68,RLLS
cotillon,,8,r,real,long,low,simple,2.12,RLLS
principe,,8,r,real,long,high,simple,4.92,RLHS
problème,,8,r,real,long,high,simple,5.41,RLHS
aspirine,,8,r,real,long,low,simple,3.04,RLLS
assassin,,8,r,real,long,medium,simple,3.82,RLHS
hibiscus,,8,r,real,long,low,simple,2.6,RLLS
histoire,,8,r,real,long,high,simple,5.64,RLHS
prophète,,8,r,real,long,high,simple,4.07,RLHS
prothèse,,8,r,real,long,low,simple,3.31,RLLS
prouesse,,8,r,real,long,low,simple,3.06,RLLS
province,,8,r,real,long,high,simple,4.8,RLHS
couscous,,8,r,real,long,low,simple,3.2,RLLS
couverte,,8,r,real,long,medium,simple,3.93,RLHS
cramoisi,,8,r,real,long,low,simple,2.53,RLLS
calomnie,,8,r,real,long,low,simple,3.06,RLLS
brouhaha,,8,r,real,long,low,simple,3.04,RLLS
pyramide,,8,r,real,long,medium,simple,3.75,RLHS
carrosse,,8,r,real,long,low,simple,3.08,RLLS
racaille,,8,r,real,long,low,simple,3.37,RLLS
chapelet,,8,r,real,long,low,simple,3.13,RLLS
chapitre,,8,r,real,long,high,simple,4.56,RLHS
crevette,,8,r,real,long,low,simple,3.18,RLLS
absinthe,,8,r,real,long,low,simple,2.91,RLLS
rambarde,,8,r,real,long,low,simple,2.6,RLLS
rancoeur,,8,r,real,long,low,simple,2.8,RLLS
atteinte,,8,r,real,long,high,simple,4.34,RLHS
bulletin,,8,r,real,long,high,simple,4.29,RLHS
walkman,,7,r,real,long,low,simple,2.43,RLLS
western,,7,r,real,long,medium,simple,3.74,RLHS
pervers,,7,r,real,long,medium,simple,3.94,RLHS
pétoche,,7,r,real,long,low,simple,1.68,RLLS
bourbon,,7,r,real,long,medium,simple,3.85,RLHS
bourrin,,7,r,real,long,low,simple,2.72,RLLS
voiture,,7,r,real,long,high,simple,5.19,RLHS
pharaon,,7,r,real,long,low,simple,3.36,RLLS
conseil,,7,r,real,long,high,simple,5.38,RLHS
bourdon,,7,r,real,long,low,simple,3.33,RLLS
adresse,,7,r,real,long,high,simple,4.94,RLHS
constat,,7,r,real,long,high,simple,4.12,RLHS
piscine,,7,r,real,long,high,simple,4.41,RLHS
gorille,,7,r,real,long,low,simple,3.17,RLLS
gouache,,7,r,real,long,low,simple,2.82,RLLS
goudron,,7,r,real,long,low,simple,3.22,RLLS
gouffre,,7,r,real,long,medium,simple,3.62,RLHS
placard,,7,r,real,long,medium,simple,3.91,RLHS
placide,,7,r,real,long,low,simple,2.88,RLLS
plafond,,7,r,real,long,high,simple,4.22,RLHS
liquide,,7,r,real,long,high,simple,4.42,RLHS
souffle,,7,r,real,long,high,simple,4.4,RLHS
plastic,,7,r,real,long,low,simple,3.02,RLLS
contrat,,7,r,real,long,high,simple,4.96,RLHS
grenade,,7,r,real,long,medium,simple,3.9,RLHS
grenier,,7,r,real,long,medium,simple,3.93,RLHS
griffon,,7,r,real,long,low,simple,2.9,RLLS
grillon,,7,r,real,long,low,simple,2.68,RLLS
gringue,,7,r,real,long,low,simple,1.38,RLLS
corbeau,,7,r,real,long,low,simple,3.46,RLLS
poisson,,7,r,real,long,high,simple,4.5,RLHS
gruyère,,7,r,real,long,low,simple,3.16,RLLS
guichet,,7,r,real,long,medium,simple,3.57,RLHS
guignol,,7,r,real,long,low,simple,3.28,RLLS
guitare,,7,r,real,long,high,simple,4.2,RLHS
haillon,,7,r,real,long,low,simple,1.58,RLLS
prairie,,7,r,real,long,medium,simple,3.62,RLHS
article,,7,r,real,long,high,simple,5.41,RLHS
haricot,,7,r,real,long,low,simple,3.13,RLLS
costard,,7,r,real,long,low,simple,3.36,RLLS
costaud,,7,r,real,long,low,simple,3.38,RLLS
cottage,,7,r,real,long,low,simple,3.0,RLLS
suicide,,7,r,real,long,high,simple,4.46,RLHS
couffin,,7,r,real,long,low,simple,2.32,RLLS
bouffon,,7,r,real,long,low,simple,3.4,RLLS
couloir,,7,r,real,long,high,simple,4.03,RLHS
honneur,,7,r,real,long,high,simple,5.0,RLHS
courage,,7,r,real,long,high,simple,4.77,RLHS
courbes,,7,r,real,long,medium,simple,3.76,RLHS
hôpital,,7,r,real,long,high,simple,4.85,RLHS
horizon,,7,r,real,long,high,simple,4.3,RLHS
horloge,,7,r,real,long,medium,simple,3.91,RLHS
brigade,,7,r,real,long,high,simple,4.12,RLHS
bricole,,7,r,real,long,low,simple,2.81,RLLS
vouvoie,,7,r,real,long,low,simple,2.29,RLLS
hospice,,7,r,real,long,low,simple,3.33,RLLS
bronche,,7,r,real,long,low,simple,2.66,RLLS
murmure,,7,r,real,long,low,simple,3.4,RLLS
asticot,,7,r,real,long,low,simple,2.46,RLLS
muscade,,7,r,real,long,low,simple,2.8,RLLS
brioche,,7,r,real,long,low,simple,3.27,RLLS
coussin,,7,r,real,long,medium,simple,3.53,RLHS
puberté,,7,r,real,long,low,simple,3.32,RLLS
couteau,,7,r,real,long,high,simple,4.32,RLHS
bristol,,7,r,real,long,low,simple,3.27,RLLS
volcan,,6,r,real,short,medium,simple,3.72,RSHS
volley,,6,r,real,short,medium,simple,3.51,RSHS
vortex,,6,r,real,short,low,simple,3.07,RSLS
perron,,6,r,real,short,low,simple,3.38,RSLS
yaourt,,6,r,real,short,medium,simple,3.51,RSHS
persil,,6,r,real,short,low,simple,3.16,RSLS
zénith,,6,r,real,short,medium,simple,3.54,RSHS
zigzag,,6,r,real,short,low,simple,2.77,RSLS
argent,,6,r,real,short,high,simple,5.37,RSHS
girafe,,6,r,real,short,low,simple,3.14,RSLS
zombie,,6,r,real,short,medium,simple,3.65,RSHS
jamais,,6,r,real,short,high,simple,5.89,RSHS
bourde,,6,r,real,short,low,simple,3.06,RSLS
gloire,,6,r,real,short,high,simple,4.31,RSHS
glotte,,6,r,real,short,low,simple,2.46,RSLS
phrase,,6,r,real,short,high,simple,4.65,RSHS
pichet,,6,r,real,short,low,simple,2.72,RSLS
pierre,,6,r,real,short,high,simple,5.28,RSHS
pigeon,,6,r,real,short,medium,simple,3.68,RSHS
pignon,,6,r,real,short,low,simple,3.45,RSLS
pilule,,6,r,real,short,medium,simple,3.84,RSHS
pinard,,6,r,real,short,low,simple,2.97,RSLS
consul,,6,r,real,short,medium,simple,3.8,RSHS
pinède,,6,r,real,short,low,simple,2.61,RSLS
pingre,,6,r,real,short,low,simple,2.06,RSLS
pinson,,6,r,real,short,low,simple,2.68,RSLS
gomina,,6,r,real,short,low,simple,1.5,RSLS
alarme,,6,r,real,short,high,simple,4.08,RSHS
pistil,,6,r,real,short,low,simple,2.23,RSLS
alerte,,6,r,real,short,high,simple,4.43,RSHS
piston,,6,r,real,short,low,simple,3.38,RSLS
leurre,,6,r,real,short,low,simple,3.32,RSLS
gourde,,6,r,real,short,low,simple,3.12,RSLS
limite,,6,r,real,short,high,simple,4.86,RSHS
sombre,,6,r,real,short,high,simple,4.42,RSHS
gradin,,6,r,real,short,low,simple,2.45,RSLS
gramme,,6,r,real,short,low,simple,3.42,RSLS
plasma,,6,r,real,short,medium,simple,3.58,RSHS
grange,,6,r,real,short,medium,simple,3.76,RSHS
granit,,6,r,real,short,medium,simple,3.53,RSHS
grappe,,6,r,real,short,low,simple,3.2,RSLS
gratin,,6,r,real,short,low,simple,3.29,RSLS
cookie,,6,r,real,short,medium,simple,3.6,RSHS
grenat,,6,r,real,short,low,simple,2.85,RSLS
podium,,6,r,real,short,high,simple,4.02,RSHS
grives,,6,r,real,short,low,simple,2.43,RSLS
magnat,,6,r,real,short,low,simple,3.09,RSLS
coquin,,6,r,real,short,medium,simple,3.52,RSHS
corail,,6,r,real,short,low,simple,3.44,RSLS
poison,,6,r,real,short,medium,simple,3.82,RSHS
grotte,,6,r,real,short,medium,simple,3.95,RSHS
pollen,,6,r,real,short,low,simple,3.35,RSLS
guenon,,6,r,real,short,low,simple,2.56,RSLS
pompon,,6,r,real,short,low,simple,3.04,RSLS
statue,,6,r,real,short,high,simple,4.2,RSHS
guerre,,6,r,real,short,high,simple,5.42,RSHS
marché,,6,r,real,short,high,simple,5.22,RSHS
guilde,,6,r,real,short,medium,simple,3.62,RSHS
hagard,,6,r,real,short,low,simple,2.41,RSLS
poulpe,,6,r,real,short,low,simple,3.04,RSLS
méduse,,6,r,real,short,low,simple,3.14,RSLS
balade,,6,r,real,short,high,simple,4.02,RSHS
cortex,,6,r,real,short,low,simple,3.42,RSLS
menace,,6,r,real,short,high,simple,4.6,RSHS
hasard,,6,r,real,short,high,simple,4.65,RSHS
preuve,,6,r,real,short,high,simple,4.95,RSHS
aspect,,6,r,real,short,high,simple,4.57,RSHS
beurre,,6,r,real,short,high,simple,4.29,RSHS
prison,,6,r,real,short,high,simple,4.95,RSHS
minute,,6,r,real,short,high,simple,4.67,RSHS
blague,,6,r,real,short,high,simple,4.64,RSHS
bouche,,6,r,real,short,high,simple,4.79,RSHS
moteur,,6,r,real,short,high,simple,4.69,RSHS
asthme,,6,r,real,short,low,simple,3.46,RSLS
coyote,,6,r,real,short,low,simple,3.11,RSLS
valse,,5,r,real,short,low,simple,3.36,RSLS
vodka,,5,r,real,short,medium,simple,3.64,RSHS
voici,,5,r,real,short,high,simple,5.12,RSHS
voilà,,5,r,real,short,high,simple,5.25,RSHS
ruine,,5,r,real,short,medium,simple,3.89,RSHS
volet,,5,r,real,short,high,simple,4.05,RSHS
péril,,5,r,real,short,medium,simple,3.94,RSHS
geste,,5,r,real,short,high,simple,4.46,RSHS
wagon,,5,r,real,short,medium,simple,3.68,RSHS
sauce,,5,r,real,short,high,simple,4.26,RSHS
gigot,,5,r,real,short,low,simple,2.78,RSLS
gilet,,5,r,real,short,medium,simple,3.77,RSHS
giron,,5,r,real,short,low,simple,3.21,RSLS
phare,,5,r,real,short,high,simple,4.01,RSHS
phase,,5,r,real,short,high,simple,4.67,RSHS
selle,,5,r,real,short,medium,simple,3.79,RSHS
globe,,5,r,real,short,high,simple,4.11,RSHS
photo,,5,r,real,short,high,simple,5.14,RSHS
bourg,,5,r,real,short,medium,simple,4.0,RSHS
pièce,,5,r,real,short,high,simple,4.99,RSHS
gnome,,5,r,real,short,low,simple,3.1,RSLS
argot,,5,r,real,short,low,simple,3.23,RSLS
siège,,5,r,real,short,high,simple,4.8,RSHS
pilon,,5,r,real,short,low,simple,3.18,RSLS
godet,,5,r,real,short,low,simple,2.8,RSLS
golfe,,5,r,real,short,high,simple,4.07,RSHS
sinon,,5,r,real,short,high,simple,5.12,RSHS
ainsi,,5,r,real,short,high,simple,5.79,RSHS
piton,,5,r,real,short,low,simple,2.99,RSLS
gosse,,5,r,real,short,high,simple,4.22,RSHS
pitre,,5,r,real,short,low,simple,3.19,RSLS
pivot,,5,r,real,short,medium,simple,3.62,RSHS
pizza,,5,r,real,short,high,simple,4.1,RSHS
plage,,5,r,real,short,high,simple,4.63,RSHS
ligue,,5,r,real,short,high,simple,4.86,RSHS
plain,,5,r,real,short,low,simple,3.43,RSLS
arôme,,5,r,real,short,low,simple,3.02,RSLS
grâce,,5,r,real,short,high,simple,5.29,RSHS
songe,,5,r,real,short,medium,simple,3.76,RSHS
grade,,5,r,real,short,medium,simple,4.0,RSHS
grain,,5,r,real,short,high,simple,4.01,RSHS
plant,,5,r,real,short,low,simple,3.28,RSLS
local,,5,r,real,short,high,simple,4.66,RSHS
grief,,5,r,real,short,low,simple,3.08,RSLS
lutte,,5,r,real,short,high,simple,4.85,RSHS
soupe,,5,r,real,short,high,simple,4.18,RSHS
poêle,,5,r,real,short,medium,simple,3.62,RSHS
magne,,5,r,real,short,low,simple,3.09,RSLS
coran,,5,r,real,short,medium,simple,3.98,RSHS
poire,,5,r,real,short,low,simple,3.49,RSLS
poker,,5,r,real,short,medium,simple,3.87,RSHS
polar,,5,r,real,short,low,simple,3.44,RSLS
guêpe,,5,r,real,short,low,simple,3.04,RSLS
poney,,5,r,real,short,medium,simple,3.5,RSHS
assez,,5,r,real,short,high,simple,5.51,RSHS
pouce,,5,r,real,short,high,simple,4.13,RSHS
aussi,,5,r,real,short,high,simple,6.19,RSHS
poule,,5,r,real,short,high,simple,4.21,RSHS
corps,,5,r,real,short,high,simple,5.35,RSHS
autre,,5,r,real,short,high,simple,5.98,RSHS
boyau,,5,r,real,short,low,simple,2.83,RSLS
avant,,5,r,real,short,high,simple,5.92,RSHS
haine,,5,r,real,short,high,simple,4.58,RSHS
poupe,,5,r,real,short,low,simple,3.29,RSLS
halle,,5,r,real,short,medium,simple,3.6,RSHS
bande,,5,r,real,short,high,simple,4.96,RSHS
barbe,,5,r,real,short,high,simple,4.2,RSHS
barre,,5,r,real,short,high,simple,4.6,RSHS
merde,,5,r,real,short,high,simple,5.23,RSHS
bravo,,5,r,real,short,high,simple,4.54,RSHS
coton,,5,r,real,short,high,simple,4.06,RSHS
sucre,,5,r,real,short,high,simple,4.47,RSHS
herbe,,5,r,real,short,high,simple,4.18,RSHS
heure,,5,r,real,short,high,simple,5.39,RSHS
hibou,,5,r,real,short,low,simple,3.23,RSLS
boule,,5,r,real,short,high,simple,4.2,RSHS
hiver,,5,r,real,short,high,simple,4.85,RSHS
homme,,5,r,real,short,high,simple,5.71,RSHS
honte,,5,r,real,short,high,simple,4.6,RSHS
bribe,,5,r,real,short,low,simple,2.09,RSLS
brave,,5,r,real,short,medium,simple,3.91,RSHS
moule,,5,r,real,short,medium,simple,3.79,RSHS
prune,,5,r,real,short,low,simple,3.11,RSLS
hôtel,,5,r,real,short,high,simple,4.97,RSHS
sympa,,5,r,real,short,high,simple,4.72,RSHS
