Word,Lemma,prs,freq,n_morphemes,Length,Lemma_Zipf_Frequency,Zipf_Frequency
vola,vol,"(0, 1, 1)",246.57,2,4,4.96,2.72
zélé,zèle,"(0, 1, 1)",0.69,2,4,3.45,2.84
vida,vide,"(0, 1, 1)",24.41,2,4,4.74,3.13
têtu,tête,"(0, 1, 1)",6.17,2,4,5.53,3.23
tira,tir,"(0, 1, 1)",432.919999999999,2,4,4.43,3.2
riva,rive,"(0, 1, 1)",3.45,2,4,4.25,2.8
rusé,ruse,"(0, 1, 1)",5.92,2,4,3.51,3.07
sali,sale,"(0, 1, 1)",15.28,2,4,4.62,3.02
râpé,râpe,"(0, 1, 1)",1.1,2,4,2.48,2.89
rêva,rêve,"(0, 1, 1)",80.6,2,4,4.84,1.87
ridé,ride,"(0, 1, 1)",2.19,2,4,3.42,2.44
pige,pig,"(0, 1, 1)",26.25,2,4,2.75,3.49
pâli,pâle,"(0, 1, 1)",1.0,2,4,3.81,2.29
pâté,pâte,"(0, 1, 1)",7.0,2,4,4.1,3.44
muré,mur,"(0, 1, 1)",0.99,2,4,4.74,2.4
mûri,mûr,"(0, 1, 1)",2.73,2,4,3.43,2.91
nagé,nage,"(0, 1, 1)",23.45,2,4,3.79,2.68
miné,mine,"(0, 1, 1)",3.22999999999999,2,4,4.44,3.07
misa,mise,"(0, 1, 1)",7.23,2,4,5.32,2.45
lobé,lob,"(0, 1, 1)",0.02,2,4,2.75,2.28
logé,loge,"(0, 1, 1)",13.1699999999999,2,4,3.89,3.36
hâlé,hâle,"(0, 1, 1)",0.04,2,4,2.08,2.17
hâta,hâte,"(0, 1, 1)",1.86,2,4,4.4,2.12
gagé,gage,"(0, 1, 1)",0.32,2,4,3.85,2.02
gêna,gêne,"(0, 1, 1)",30.38,2,4,4.19,1.75
faxé,fax,"(0, 1, 1)",0.85,2,4,3.5,1.23
fila,fil,"(0, 1, 1)",61.41,2,4,4.82,2.69
dupé,dupe,"(0, 1, 1)",3.17,2,4,3.36,2.68
cria,cri,"(0, 1, 1)",109.509999999999,2,4,4.1,2.82
codé,code,"(0, 1, 1)",2.39,2,4,5.0,3.21
ciré,cire,"(0, 1, 1)",6.2,2,4,3.79,2.76
basa,base,"(0, 1, 1)",11.84,2,4,5.3,2.28
ailé,aile,"(0, 1, 1)",1.05,2,4,4.2,2.85
ardu,ard,"(0, 1, 1)",1.28,2,4,2.72,2.92
aida,aide,"(0, 1, 1)",863.12,2,4,5.31,3.17
îlot,île,"(0, 1, 1)",1.2,2,4,4.88,3.38
évidé,vide,"(1, 1, 1)",0.04,3,5,4.74,2.16
agile,agir,"(0, 1, 1)",2.16,2,5,4.67,3.28
agacé,agacer,"(0, 1, 1)",1.02,2,5,3.03,3.16
aviva,vivre,"(1, 1, 1)",0.01,3,5,5.21,2.57
raton,rat,"(0, 1, 1)",1.37,2,5,3.9,3.0
abêti,bête,"(1, 1, 1)",0.01,3,5,4.51,1.1
abats,battre,"(1, 1, 1)",2.31,3,5,4.67,2.82
inouï,ouïr,"(1, 1, 0)",3.22999999999999,2,5,1.98,2.97
impur,pur,"(1, 1, 0)",1.44,2,5,4.42,3.02
impie,pie,"(1, 1, 0)",2.76,2,5,3.86,3.03
enfui,fuir/te,"(1, 1, 0)",61.79,2,5,4.19,3.12
renia,nier,"(1, 1, 0)",4.79,2,5,4.03,1.82
délia,lier,"(1, 1, 0)",1.27,2,5,3.74,2.51
dégel,gel,"(1, 1, 0)",0.47,2,5,3.98,2.94
amena,mener,"(1, 1, 0)",187.5,2,5,4.48,3.06
allie,lier,"(1, 1, 0)",18.31,2,5,3.74,3.49
envol,vol,"(1, 1, 0)",2.48,2,5,4.96,3.44
aérée,aéro,"(0, 1, 1)",1.75,2,5,2.91,2.56
aboya,aboi,"(0, 1, 1)",2.91,2,5,1.35,1.26
relit,lit,"(1, 1, 0)",0.22,2,5,5.03,2.64
refit,fier,"(1, 1, 0)",0.03,2,5,4.54,2.28
déplu,plu,"(1, 1, 0)",1.23,2,5,4.13,2.92
épris,prendre,"(1, 1, 0)",1.64,2,5,5.62,3.2
athée,thée,"(1, 1, 0)",3.16,2,5,0.0,3.46
zébra,zébr,"(0, 1, 1)",0.16,2,5,0.0,1.59
vitré,vitre,"(0, 1, 1)",0.06,2,5,3.85,3.12
vissé,vis,"(0, 1, 1)",0.45,2,5,4.93,2.7
revêt,vêtir,"(1, 1, 0)",2.25,2,5,2.92,3.4
verdi,vert,"(0, 1, 1)",0.18,2,5,4.74,3.04
veiné,veine,"(0, 1, 1)",0.0,2,5,3.8,2.16
vanna,vanne,"(0, 1, 1)",0.58,2,5,3.59,1.86
usité,user,"(0, 1, 1)",0.0,2,5,3.86,2.8
traça,trace,"(0, 1, 1)",7.86999999999999,2,5,4.37,1.86
terni,terne,"(0, 1, 1)",1.22,2,5,3.25,2.84
taxer,taxe,"(0, 1, 1)",0.83,2,5,4.49,3.43
tassa,tas,"(0, 1, 1)",24.0,2,5,4.54,1.34
tarda,tard,"(0, 1, 1)",23.96,2,5,5.34,2.69
ancré,ancre,"(0, 1, 1)",1.28,2,5,3.56,3.38
ambré,ambre,"(0, 1, 1)",0.18,2,5,3.43,2.25
alpin,alpes,"(0, 1, 1)",1.19,2,5,4.45,3.49
aigri,aigre,"(0, 1, 1)",1.58999999999999,2,5,2.99,2.98
têtue,tête,"(0, 1, 1)",2.97,2,5,5.53,2.77
tâcha,tâche,"(0, 1, 1)",10.18,2,5,4.46,1.52
soupé,soupe,"(0, 1, 1)",14.06,2,5,4.18,2.58
sonna,son,"(0, 1, 1)",71.73,2,5,6.47,2.56
songé,songe,"(0, 1, 1)",18.41,2,5,3.76,3.35
sommé,somme,"(0, 1, 1)",0.16,2,5,4.76,2.95
skier,ski,"(0, 1, 1)",2.52,2,5,4.42,3.11
signa,signe,"(0, 1, 1)",80.49,2,5,4.89,3.03
téton,téter,"(0, 1, 1)",4.60999999999999,2,5,2.52,2.89
tempo,temps,"(0, 1, 1)",1.38,2,5,6.01,3.44
sonar,son,"(0, 1, 1)",1.54,2,5,6.47,2.89
raidi,raide,"(0, 1, 1)",0.51,2,5,3.59,1.62
sauta,saut,"(0, 1, 1)",132.45,2,5,4.15,2.74
salua,salut,"(0, 1, 1)",42.37,2,5,4.79,2.54
rosie,rose,"(0, 1, 1)",1.3,2,5,4.72,3.14
ponte,pont,"(0, 1, 1)",1.78,2,5,4.76,3.37
pinça,pince,"(0, 1, 1)",8.44,2,5,3.68,1.81
réglo,règle,"(0, 1, 1)",5.99,2,5,4.72,2.89
régla,règle,"(0, 1, 1)",78.58,2,5,4.72,1.93
pêché,pêche,"(0, 1, 1)",13.2999999999999,2,5,4.49,3.16
pâtés,pâte,"(0, 1, 1)",1.96,2,5,4.1,2.99
paria,pari,"(0, 1, 1)",80.09,2,5,4.12,2.92
raflé,rafler,"(0, 1, 1)",1.9,2,5,2.81,2.62
râblé,râble,"(0, 1, 1)",0.01,2,5,1.72,1.4
purgé,purge,"(0, 1, 1)",2.63,2,5,3.54,3.12
pulsé,puls,"(0, 1, 1)",0.17,2,5,1.86,2.17
potée,pot,"(0, 1, 1)",0.04,2,5,4.29,2.27
batte,battre,"(0, 1, 1)",13.99,2,5,4.67,3.37
barra,barre,"(0, 1, 1)",20.07,2,5,4.6,2.89
barbu,barbe,"(0, 1, 1)",3.1,2,5,4.2,3.41
avisa,avis,"(0, 1, 1)",7.39999999999999,2,5,5.21,2.39
boxer,box,"(0, 1, 1)",3.78999999999999,2,5,4.24,3.28
botta,botte,"(0, 1, 1)",9.68,2,5,3.61,2.24
bossu,boss,"(0, 1, 1)",6.11999999999999,2,5,4.21,2.99
borna,borne,"(0, 1, 1)",4.47999999999999,2,5,3.84,2.32
nomma,nom,"(0, 1, 1)",45.57,2,5,5.59,3.2
naval,nav,"(0, 1, 1)",3.96,2,5,2.57,3.39
natté,natte,"(0, 1, 1)",0.0,2,5,2.64,1.16
nasal,nez,"(0, 1, 1)",1.27,2,5,4.66,2.78
piégé,piège,"(0, 1, 1)",20.32,2,5,4.15,3.39
pentu,pente,"(0, 1, 1)",0.05,2,5,4.04,2.25
bondé,bond,"(0, 1, 1)",6.77,2,5,4.02,3.16
bombé,bombe,"(0, 1, 1)",0.69,2,5,4.35,2.86
biner,bine,"(0, 1, 1)",0.33,2,5,2.52,1.79
caser,cas,"(0, 1, 1)",2.12,2,5,5.7,3.25
camés,came,"(0, 1, 1)",1.15,2,5,3.41,2.18
calma,calme,"(0, 1, 1)",77.97,2,5,4.86,2.68
muret,mur,"(0, 1, 1)",0.28,2,5,4.74,3.2
mural,mur,"(0, 1, 1)",0.28,2,5,4.74,2.86
mollo,mou,"(0, 1, 1)",5.23,2,5,3.85,2.96
ondée,onde,"(0, 1, 1)",0.01,2,5,4.04,2.02
ombré,ombre,"(0, 1, 1)",0.01,2,5,4.52,2.12
risée,rire,"(0, 1, 1)",2.12,2,5,4.79,3.07
nacré,nacre,"(0, 1, 1)",0.05,2,5,2.9,2.52
merdé,merde,"(0, 1, 1)",10.27,2,5,5.23,3.29
lutta,lutte,"(0, 1, 1)",19.48,2,5,4.85,2.36
lotir,lot,"(0, 1, 1)",0.01,2,5,4.42,1.86
longe,long,"(0, 1, 1)",2.07,2,5,5.31,3.42
lesté,lest,"(0, 1, 1)",2.09,2,5,3.09,2.4
laqué,laque,"(0, 1, 1)",0.54,2,5,3.1,2.65
lacis,lacer,"(0, 1, 1)",0.0,2,5,2.32,1.75
miter,mettre,"(0, 1, 1)",0.2,2,5,5.55,1.4
minci,mince,"(0, 1, 1)",0.21,2,5,4.24,1.66
brisa,bris,"(0, 1, 1)",67.93,2,5,3.26,2.7
ciblé,cible,"(0, 1, 1)",0.45,2,5,4.51,3.43
chuté,chute,"(0, 1, 1)",2.86,2,5,4.64,3.47
lacet,lacer,"(0, 1, 1)",4.39999999999999,2,5,2.32,3.06
juron,jurer,"(0, 1, 1)",0.42,2,5,3.49,2.55
jupon,jupe,"(0, 1, 1)",3.0,2,5,3.92,2.79
jauni,jaune,"(0, 1, 1)",1.19,2,5,4.65,2.43
irisé,iris,"(0, 1, 1)",0.03,2,5,3.8,2.08
huilé,huile,"(0, 1, 1)",0.56,2,5,4.59,2.65
hâtif,hâte,"(0, 1, 1)",2.42999999999999,2,5,4.4,2.63
chopé,chope,"(0, 1, 1)",9.48,2,5,3.17,3.22
causa,cause,"(0, 1, 1)",40.37,2,5,5.4,3.32
coudé,coude,"(0, 1, 1)",0.04,2,5,3.89,2.26
corné,corne,"(0, 1, 1)",1.18,2,5,3.61,2.13
copié,copie,"(0, 1, 1)",5.13,2,5,4.38,3.49
haché,hache,"(0, 1, 1)",1.99999999999999,2,5,3.69,3.15
guida,guide,"(0, 1, 1)",16.13,2,5,4.5,2.48
gradé,grade,"(0, 1, 1)",3.46,2,5,4.0,3.02
goûta,goût,"(0, 1, 1)",39.25,2,5,4.81,1.6
gorgé,gorge,"(0, 1, 1)",6.58,2,5,4.33,2.62
glaça,glace,"(0, 1, 1)",84.8999999999999,2,5,4.63,1.59
gifla,gifle,"(0, 1, 1)",4.70999999999999,2,5,3.37,1.49
garda,garde,"(0, 1, 1)",233.23,2,5,5.13,3.07
gaîté,gaî,"(0, 1, 1)",0.55,2,5,0.0,2.96
exilé,exil,"(0, 1, 1)",3.42999999999999,2,5,4.02,3.4
fumet,fumer,"(0, 1, 1)",0.24,2,5,4.24,2.55
forma,forme,"(0, 1, 1)",30.9,2,5,5.35,3.15
conté,conte,"(0, 1, 1)",1.79,2,5,4.19,2.95
colla,colle,"(0, 1, 1)",28.45,2,5,4.21,2.65
cloua,clou,"(0, 1, 1)",7.64,2,5,3.65,1.29
damez,dame,"(0, 1, 1)",0.02,2,5,4.82,1.02
dallé,dalle,"(0, 1, 1)",0.0,2,5,3.98,1.97
cuver,cuve,"(0, 1, 1)",0.51,2,5,3.56,2.08
ferré,fer,"(0, 1, 1)",4.34,2,5,4.82,3.32
fardé,fard,"(0, 1, 1)",0.17,2,5,3.02,1.47
farci,farce,"(0, 1, 1)",5.08,2,5,3.66,2.77
dilue,dilu,"(0, 1, 1)",0.63,2,5,0.0,2.56
dansa,danse,"(0, 1, 1)",102.06,2,5,4.7,2.17
crêpé,crêpe,"(0, 1, 1)",0.16,2,5,3.33,1.28
crado,crade,"(0, 1, 1)",0.17,2,5,2.89,2.3
coûta,coût,"(0, 1, 1)",81.81,2,5,4.67,2.53
durci,dur,"(0, 1, 1)",1.63,2,5,4.95,2.86
drapé,drap,"(0, 1, 1)",0.54,2,5,3.51,2.75
douta,doute,"(0, 1, 1)",34.92,2,5,5.22,1.83
usagé,user,"(0, 1, 2)",0.22,3,5,3.86,2.79
étira,tir,"(1, 1, 1)",3.12,3,5,4.43,2.14
élimé,lime,"(1, 1, 1)",0.01,3,5,3.19,1.78
égayé,gay,"(1, 1, 1)",1.07,3,5,4.49,2.31
écria,cri,"(1, 1, 1)",1.5,3,5,4.1,2.74
mulet,mule,"(0, 1, 1)",3.67999999999999,2,5,3.17,2.97
raviva,vivre,"(2, 1, 1)",0.8,4,6,5.21,1.72
ramena,mener,"(2, 1, 0)",168.97,3,6,4.48,2.7
retapé,tape,"(1, 1, 1)",2.75,3,6,4.25,2.38
replia,pli,"(1, 1, 1)",6.12999999999999,3,6,3.36,2.05
ravisa,avis,"(1, 1, 1)",0.4,3,6,5.21,1.78
litron,litre,"(0, 1, 1)",0.2,2,6,3.82,1.68
novice,nouveau,"(0, 1, 1)",3.3,2,6,5.63,3.34
ourson,ours,"(0, 1, 1)",1.52,2,6,4.24,3.16
pelage,peler,"(0, 1, 1)",0.44,2,6,2.66,3.11
piéton,pied,"(0, 1, 1)",1.55,2,6,5.04,3.4
psyché,psycho,"(0, 1, 1)",0.7,2,6,3.61,3.22
puante,pu,"(0, 1, 1)",4.27999999999999,2,6,5.43,2.81
rameau,rame,"(0, 1, 1)",1.92,2,6,3.63,3.34
ramure,rame,"(0, 1, 1)",0.12,2,6,3.63,1.97
rareté,rare,"(0, 1, 1)",0.51,2,6,4.67,3.45
limier,lime,"(0, 1, 1)",0.77,2,6,3.19,2.47
édenté,dent,"(1, 1, 1)",0.56,3,6,4.07,2.14
égorge,gorge,"(1, 1, 1)",7.18999999999999,3,6,4.33,2.77
embuer,buer,"(1, 1, 1)",0.16,3,6,1.26,1.26
empira,pire,"(1, 1, 1)",7.69999999999999,3,6,5.1,1.6
encodé,code,"(1, 1, 1)",0.89,3,6,5.0,2.2
énerva,nerf,"(1, 1, 1)",56.6999999999999,3,6,3.69,1.73
enfila,fil,"(1, 1, 1)",10.07,3,6,4.82,2.24
englué,glu,"(1, 1, 1)",0.21,3,6,2.68,2.39
enrage,rage,"(1, 1, 1)",8.76,3,6,4.23,2.75
envola,vol,"(1, 1, 1)",27.81,3,6,4.96,2.31
dindon,dinde,"(0, 1, 1)",1.23,2,6,3.46,2.92
dîners,dîner,"(0, 1, 1)",3.72,2,6,4.29,3.27
doigté,doigt,"(0, 1, 1)",1.09,2,6,4.52,2.8
doubla,double,"(0, 1, 1)",63.99,2,6,4.99,2.04
dûment,devoir,"(0, 1, 1)",0.55,2,6,4.99,3.34
duplex,double,"(0, 1, 1)",0.42,2,6,4.99,3.19
courba,courbe,"(0, 1, 1)",2.67999999999999,2,6,4.09,1.24
crashé,crash,"(0, 1, 1)",0.97,2,6,3.97,2.46
creusa,creux,"(0, 1, 1)",26.3899999999999,2,6,3.98,2.01
criard,cri,"(0, 1, 1)",0.94,2,6,4.1,2.39
épicés,épice,"(0, 1, 1)",0.3,2,6,3.05,2.44
épousa,époux,"(0, 1, 1)",153.17,2,6,4.19,3.42
errant,errer,"(0, 1, 1)",3.7,2,6,3.09,3.28
espéra,espoir,"(0, 1, 1)",300.569999999999,2,6,4.73,1.77
essaya,essay,"(0, 1, 1)",450.24,2,6,2.66,3.09
estima,estim,"(0, 1, 1)",10.82,2,6,1.82,2.51
étoilé,étoile,"(0, 1, 1)",0.62,2,6,4.38,3.3
étudia,étude,"(0, 1, 1)",66.9299999999999,2,6,5.09,2.95
évasif,évader,"(0, 1, 1)",0.6,2,6,3.52,2.58
évêché,évêque,"(0, 1, 1)",0.14,2,6,4.38,3.33
décore,décor,"(0, 1, 1)",8.67,2,6,4.21,2.96
déifié,déi,"(0, 1, 1)",0.04,2,6,1.84,1.75
devina,devin,"(0, 1, 1)",71.07,2,6,3.29,1.9
dicton,dict,"(0, 1, 1)",2.83,2,6,2.42,3.22
fadeur,fade,"(0, 1, 1)",0.32,2,6,3.39,1.98
fautif,faute,"(0, 1, 1)",1.5,2,6,4.98,3.23
fêlure,fêler,"(0, 1, 1)",0.23,2,6,1.27,2.33
fessée,fesse,"(0, 1, 1)",4.07,2,6,3.27,3.21
fêtait,fête,"(0, 1, 1)",190.12,2,6,4.95,2.83
feutré,feutre,"(0, 1, 1)",0.33,2,6,3.18,2.52
filant,fil,"(0, 1, 1)",1.88999999999999,2,6,4.82,2.78
dureté,durer,"(0, 1, 1)",1.56,2,6,4.21,3.38
écarta,écart,"(0, 1, 1)",26.9,2,6,4.39,2.37
éclata,éclat,"(0, 1, 1)",39.46,2,6,3.95,2.98
égaler,égal,"(0, 1, 1)",1.12,2,6,4.23,3.24
émotif,émot,"(0, 1, 1)",2.52,2,6,0.0,3.19
épaulé,épaule,"(0, 1, 1)",0.12,2,6,4.22,2.9
croisa,croix,"(0, 1, 1)",31.29,2,6,4.64,2.63
crypté,crypt,"(0, 1, 1)",0.98,2,6,1.87,2.72
cubain,cuba,"(0, 1, 1)",5.89,2,6,4.01,3.35
cuivré,cuivre,"(0, 1, 1)",0.33,2,6,4.07,2.58
damier,dame,"(0, 1, 1)",0.42,2,6,4.82,2.86
ciselé,ciseau,"(0, 1, 1)",0.04,2,6,3.06,2.69
claqua,claque,"(0, 1, 1)",9.02,2,6,3.9,2.15
cocher,coche,"(0, 1, 1)",3.42,2,6,3.19,3.44
coffré,coffre,"(0, 1, 1)",4.72,2,6,4.11,2.0
coiffa,coiffe,"(0, 1, 1)",9.18,2,6,3.36,1.41
flirte,flirt,"(0, 1, 1)",5.04,2,6,3.26,3.02
flotta,flot,"(0, 1, 1)",26.48,2,6,3.7,1.62
forain,foir,"(0, 1, 1)",2.57999999999999,2,6,1.64,2.8
forçat,force,"(0, 1, 1)",1.26,2,6,5.22,2.42
fortin,fort,"(0, 1, 1)",0.32,2,6,5.34,3.32
fourbi,fourb,"(0, 1, 1)",1.07,2,6,0.0,2.07
freina,frein,"(0, 1, 1)",6.19,2,6,3.93,1.63
frérot,frère,"(0, 1, 1)",2.46,2,6,5.18,3.22
friqué,frique,"(0, 1, 1)",0.32,2,6,1.67,1.95
fumant,fumer,"(0, 1, 1)",2.29,2,6,4.24,3.18
excédé,excès,"(0, 1, 1)",1.0,2,6,4.2,3.04
excusa,excuse,"(0, 1, 1)",281.76,2,6,4.53,2.17
fabule,fable,"(0, 1, 1)",0.31,2,6,3.47,1.78
fumoir,fumer,"(0, 1, 1)",0.31,2,6,4.24,2.59
fuselé,fuseau,"(0, 1, 1)",0.01,2,6,3.09,1.64
fuyant,fuy,"(0, 1, 1)",2.53,2,6,1.01,3.48
fuyard,fuy,"(0, 1, 1)",1.18,2,6,1.01,2.55
gaffer,gaffe,"(0, 1, 1)",0.07,2,6,4.09,1.88
gaieté,gai,"(0, 1, 1)",2.81,2,6,3.63,3.06
galbée,galb,"(0, 1, 1)",0.02,2,6,0.0,1.78
gâteux,gât,"(0, 1, 1)",2.13,2,6,0.0,2.34
gazées,gaz,"(0, 1, 1)",0.02,2,6,4.82,1.39
gelait,gel,"(0, 1, 1)",28.62,2,6,3.98,2.07
filial,fil,"(0, 1, 1)",1.33,2,6,4.82,2.34
finaud,fin,"(0, 1, 1)",0.33,2,6,5.67,2.0
fixité,fixer,"(0, 1, 1)",0.14,2,6,4.14,2.16
fléché,flèche,"(0, 1, 1)",0.38,2,6,3.99,2.07
glaçon,glace,"(0, 1, 1)",7.46,2,6,4.63,2.88
gluant,glu,"(0, 1, 1)",2.03,2,6,2.68,2.7
grelot,grêle,"(0, 1, 1)",0.43,2,6,3.51,2.47
grossi,gros,"(0, 1, 1)",10.59,2,6,5.42,3.25
gueula,gueule,"(0, 1, 1)",4.38,2,6,4.79,1.12
guidon,guide,"(0, 1, 1)",1.26,2,6,4.5,3.26
hachis,hache,"(0, 1, 1)",1.07,2,6,3.69,2.47
fumeux,fumer,"(0, 1, 1)",0.05,2,6,4.24,2.4
fumier,fumer,"(0, 1, 1)",18.74,2,6,4.24,3.44
cornet,corne,"(0, 1, 1)",1.85,2,6,3.61,3.44
côtelé,côte,"(0, 1, 1)",0.16,2,6,4.81,2.06
côtoie,côté,"(0, 1, 1)",0.83,2,6,5.5,3.32
couplé,couple,"(0, 1, 1)",0.14,2,6,4.9,3.26
casqué,casque,"(0, 1, 1)",1.46,2,6,4.26,2.31
cavité,cave,"(0, 1, 1)",1.26,2,6,4.17,3.48
cerclé,cercle,"(0, 1, 1)",0.03,2,6,4.52,2.22
chanta,chant,"(0, 1, 1)",157.769999999999,2,6,4.29,2.56
charnu,chair,"(0, 1, 1)",0.72,2,6,4.23,2.63
chassa,chasse,"(0, 1, 1)",39.3499999999999,2,6,4.66,2.56
chromé,chrome,"(0, 1, 1)",0.2,2,6,3.69,2.54
halage,haler,"(0, 1, 1)",0.16,2,6,1.54,2.62
haussa,hausse,"(0, 1, 1)",0.85,2,6,4.53,2.59
heurta,heurt,"(0, 1, 1)",8.67,2,6,2.66,2.5
hochet,hocher,"(0, 1, 1)",0.88,2,6,2.35,2.61
intima,intime,"(0, 1, 1)",9.9,2,6,4.12,1.97
jeunot,jeune,"(0, 1, 1)",2.02,2,6,5.4,2.6
jovial,joie,"(0, 1, 1)",0.6,2,6,4.66,2.79
gêneur,gêne,"(0, 1, 1)",0.85,2,6,4.19,1.84
germer,germe,"(0, 1, 1)",0.23,2,6,3.17,2.92
ciller,cil,"(0, 1, 1)",0.04,2,6,2.95,2.38
cinglé,cingle,"(0, 1, 1)",37.53,2,6,2.03,3.02
cirage,cire,"(0, 1, 1)",2.08,2,6,3.79,2.61
cireux,cire,"(0, 1, 1)",0.06,2,6,3.79,1.95
bronzé,bronze,"(0, 1, 1)",6.26,2,6,4.23,3.05
brossa,brosse,"(0, 1, 1)",4.18,2,6,3.84,1.67
bûcher,bûche,"(0, 1, 1)",3.90999999999999,2,6,3.04,3.38
buttés,butte,"(0, 1, 1)",0.0,2,6,3.52,1.08
buvard,boire,"(0, 1, 1)",0.12,2,6,4.62,2.33
buveur,boire,"(0, 1, 1)",2.16,2,6,4.62,2.88
cabrer,cabri,"(0, 1, 1)",0.01,2,6,2.43,2.11
cachot,cacher,"(0, 1, 1)",3.67,2,6,4.46,3.11
cadrer,cadre,"(0, 1, 1)",0.64,2,6,5.11,2.98
lactée,lact,"(0, 1, 1)",0.75,2,6,1.21,3.17
laveur,laver,"(0, 1, 1)",1.51,2,6,4.16,3.01
lavoir,laver,"(0, 1, 1)",0.15,2,6,4.16,3.03
lettré,lettre,"(0, 1, 1)",0.25,2,6,4.92,2.86
liasse,lier,"(0, 1, 1)",0.65,2,6,3.74,3.0
limant,lime,"(0, 1, 1)",0.16,2,6,3.19,1.15
loueur,louer,"(0, 1, 1)",0.41,2,6,4.17,2.83
luxure,luxe,"(0, 1, 1)",2.92,2,6,4.45,3.0
sachet,sac,"(0, 1, 1)",4.37,2,6,4.8,3.37
saleté,sale,"(0, 1, 1)",11.96,2,6,4.62,3.34
salins,sel,"(0, 1, 1)",0.0,2,6,4.38,3.0
sapeur,saper,"(0, 1, 1)",0.77,2,6,3.02,2.78
lycéen,lycée,"(0, 1, 1)",3.54,2,6,4.75,3.42
maigri,maigre,"(0, 1, 1)",4.91,2,6,3.85,2.75
marqua,marque,"(0, 1, 1)",35.6199999999999,2,6,5.02,3.05
massue,masser,"(0, 1, 1)",0.57,2,6,3.22,3.08
mâture,mât,"(0, 1, 1)",0.14,2,6,3.35,2.49
mécano,mécan,"(0, 1, 1)",1.68,2,6,1.09,2.96
médusé,méduse,"(0, 1, 1)",0.16,2,6,3.14,2.33
menaça,menace,"(0, 1, 1)",35.94,2,6,4.6,2.42
mesura,mesure,"(0, 1, 1)",12.37,2,6,5.2,1.92
meublé,meuble,"(0, 1, 1)",1.69,2,6,3.73,3.08
miette,mie,"(0, 1, 1)",8.67,2,6,3.43,3.01
mutant,muter,"(0, 1, 1)",6.92,2,6,2.77,3.1
myopie,myope,"(0, 1, 1)",0.29,2,6,2.94,2.9
nageur,nage,"(0, 1, 1)",1.9,2,6,3.79,3.32
riante,rire,"(0, 1, 1)",0.28,2,6,4.79,2.03
rieurs,rire,"(0, 1, 1)",0.56,2,6,4.79,2.41
rivage,rive,"(0, 1, 1)",5.46,2,6,4.25,3.48
rocker,rock,"(0, 1, 1)",1.52,2,6,4.48,2.82
rôdeur,rôder,"(0, 1, 1)",1.33999999999999,2,6,2.53,2.61
rondin,rond,"(0, 1, 1)",0.76,2,6,4.27,2.24
rosace,rose,"(0, 1, 1)",0.0,2,6,4.72,2.77
rosier,rose,"(0, 1, 1)",0.85,2,6,4.72,2.98
rouget,rouge,"(0, 1, 1)",0.35,2,6,5.13,2.76
roulis,rouler,"(0, 1, 1)",0.56,2,6,4.16,2.74
ruades,ruer,"(0, 1, 1)",0.01,2,6,2.82,1.81
odorat,odeur,"(0, 1, 1)",1.28,2,6,4.4,3.17
orangé,orange,"(0, 1, 1)",0.34,2,6,4.6,3.1
ouatée,ouate,"(0, 1, 1)",0.0,2,6,2.8,1.51
oublia,oubli,"(0, 1, 1)",517.02,2,6,3.97,2.47
pâleur,pâle,"(0, 1, 1)",1.38,2,6,3.81,2.47
modelé,modèle,"(0, 1, 1)",1.7,2,6,4.97,2.82
mollet,mou,"(0, 1, 1)",1.81999999999999,2,6,3.85,3.34
mollit,mou,"(0, 1, 1)",0.26,2,6,3.85,1.43
motard,moto,"(0, 1, 1)",4.02,2,6,4.31,3.43
muscat,musc,"(0, 1, 1)",0.36,2,6,2.81,2.74
musclé,muscle,"(0, 1, 1)",3.37,2,6,3.82,3.43
calmos,calme,"(0, 1, 1)",1.69,2,6,4.86,2.58
captif,capter,"(0, 1, 1)",1.41,2,6,3.71,3.05
cariée,carie,"(0, 1, 1)",0.28,2,6,2.93,1.34
beurré,beurre,"(0, 1, 1)",0.92,2,6,4.29,2.65
biaise,biais,"(0, 1, 1)",0.06,2,6,4.29,2.45
biquet,bique,"(0, 1, 1)",0.54,2,6,2.21,1.97
blêmit,blême,"(0, 1, 1)",0.28,2,6,2.59,1.43
bloqua,bloc,"(0, 1, 1)",39.84,2,6,4.49,2.04
bluffe,bluff,"(0, 1, 1)",4.06,2,6,3.38,2.29
boisée,boire,"(0, 1, 1)",0.18,2,6,4.62,2.98
penaud,pen,"(0, 1, 1)",0.2,2,6,4.55,2.47
pensif,penser,"(0, 1, 1)",0.799999999999999,2,6,5.08,2.68
perché,perche,"(0, 1, 1)",1.74,2,6,3.59,3.39
persan,perse,"(0, 1, 1)",0.34,2,6,3.66,3.24
pétard,pét,"(0, 1, 1)",7.18999999999999,2,6,1.53,3.26
napper,nappe,"(0, 1, 1)",0.01,2,6,3.54,1.84
noirci,noir,"(0, 1, 1)",2.24,2,6,5.13,2.71
notant,note,"(0, 1, 1)",0.16,2,6,4.96,3.12
noyade,noyer,"(0, 1, 1)",1.85,2,6,3.82,3.32
nudité,nu,"(0, 1, 1)",2.1,2,6,4.32,3.45
boucla,boucle,"(0, 1, 1)",17.8,2,6,4.29,1.35
bridés,bride,"(0, 1, 1)",0.66,2,6,3.41,2.75
astral,astre,"(0, 1, 1)",0.78,2,6,3.14,3.09
baffer,baffe,"(0, 1, 1)",0.49,2,6,3.04,2.3
baguée,bague,"(0, 1, 1)",0.0,2,6,3.99,1.25
balaie,balai,"(0, 1, 1)",10.1299999999999,2,6,3.48,2.92
balisé,balise,"(0, 1, 1)",0.06,2,6,3.35,2.74
bandés,bande,"(0, 1, 1)",1.11,2,6,4.96,2.83
ponton,pont,"(0, 1, 1)",1.01,2,6,4.76,2.98
poupin,poup,"(0, 1, 1)",0.0,2,6,1.7,1.95
pubien,pubis,"(0, 1, 1)",0.57,2,6,2.72,2.18
radier,radi,"(0, 1, 1)",0.23,2,6,2.05,2.78
panser,pan,"(0, 1, 1)",0.5,2,6,4.0,2.81
parure,parer,"(0, 1, 1)",1.0,2,6,3.3,3.29
pauser,pause,"(0, 1, 1)",0.01,2,6,4.47,1.69
pelure,peler,"(0, 1, 1)",0.38,2,6,2.66,2.29
ravina,ravin,"(0, 1, 1)",0.06,2,6,3.35,1.5
récita,récit,"(0, 1, 1)",9.74999999999999,2,6,4.46,1.79
recula,recul,"(0, 1, 1)",50.89,2,6,4.24,2.55
refusa,refus,"(0, 1, 1)",143.88,2,6,4.4,3.4
rejeta,rejet,"(0, 1, 1)",26.05,2,6,4.07,2.5
repéra,repère,"(0, 1, 1)",23.7099999999999,2,6,3.79,2.05
reposa,repos,"(0, 1, 1)",93.79,2,6,4.44,2.35
résiné,résine,"(0, 1, 1)",0.0,2,6,3.51,1.07
piloté,pilote,"(0, 1, 1)",7.83,2,6,4.52,3.34
pipeau,pipe,"(0, 1, 1)",1.84,2,6,3.9,2.81
piquet,piquer,"(0, 1, 1)",1.48,2,6,3.88,3.18
piqûre,piquer,"(0, 1, 1)",7.59,2,6,3.88,3.39
rimait,rime,"(0, 1, 1)",0.28,2,6,3.73,2.15
risqua,risque,"(0, 1, 1)",55.9,2,6,5.12,1.91
roussi,roux,"(0, 1, 1)",1.14,2,6,4.16,2.42
saboté,sabot,"(0, 1, 1)",4.89,2,6,3.1,2.69
saigna,sang,"(0, 1, 1)",36.01,2,6,4.98,1.2
sangla,sangle,"(0, 1, 1)",0.04,2,6,2.81,1.32
saoula,saoul,"(0, 1, 1)",13.82,2,6,3.49,1.28
satané,satan,"(0, 1, 1)",6.81999999999999,2,6,3.84,2.46
saucer,sauce,"(0, 1, 1)",0.06,2,6,4.26,2.07
scellé,sceau,"(0, 1, 1)",6.36,2,6,3.66,3.44
râlait,râle,"(0, 1, 1)",3.19999999999999,2,6,3.4,2.14
ravagé,ravage,"(0, 1, 1)",1.83,2,6,3.16,3.33
bavait,bave,"(0, 1, 1)",7.08,2,6,3.29,1.81
baveur,bave,"(0, 1, 1)",0.08,2,6,3.29,1.7
baveux,bave,"(0, 1, 1)",1.24,2,6,3.29,2.77
bavure,bave,"(0, 1, 1)",1.66,2,6,3.29,3.14
bêcher,bêche,"(0, 1, 1)",0.36,2,6,2.62,1.97
sciure,scie,"(0, 1, 1)",0.69,2,6,3.62,2.7
sensée,sentir,"(0, 1, 1)",3.23,2,6,4.68,3.27
sonate,son,"(0, 1, 1)",2.95,2,6,6.47,3.05
sonnet,son,"(0, 1, 1)",0.72,2,6,6.47,2.88
suaire,suer,"(0, 1, 1)",0.28,2,6,3.07,2.59
suante,suer,"(0, 1, 1)",0.03,2,6,3.07,1.22
tapage,tape,"(0, 1, 1)",1.69,2,6,4.25,3.15
tenace,tenir,"(0, 1, 1)",1.96,2,6,4.89,3.34
sciait,scie,"(0, 1, 1)",2.4,2,6,3.62,1.39
seller,selle,"(0, 1, 1)",0.52,2,6,3.79,3.26
shooté,shoot,"(0, 1, 1)",2.84,2,6,3.36,2.61
singer,singe,"(0, 1, 1)",0.16,2,6,3.93,3.26
sonder,sonde,"(0, 1, 1)",1.69,2,6,3.91,3.18
soucia,souci,"(0, 1, 1)",21.28,2,6,4.49,1.42
stoppa,stop,"(0, 1, 1)",8.46,2,6,4.36,2.37
tailla,taille,"(0, 1, 1)",8.22999999999999,2,6,4.9,1.76
tamise,tamis,"(0, 1, 1)",0.86,2,6,2.87,3.05
tierce,tier,"(0, 1, 1)",0.38,2,6,3.14,3.41
tirade,tir,"(0, 1, 1)",1.25,2,6,4.43,2.95
triade,tri,"(0, 1, 1)",1.19,2,6,3.98,2.9
triage,tri,"(0, 1, 1)",1.42,2,6,3.98,3.16
ajouta,ajout,"(0, 1, 1)",35.6399999999999,2,6,3.9,3.13
alerté,alerte,"(0, 1, 1)",4.3,2,6,4.43,3.25
altéré,altérer,"(0, 1, 1)",2.02,2,6,3.25,3.11
amarré,amarre,"(0, 1, 1)",0.71,2,6,2.36,2.75
appâté,appât,"(0, 1, 1)",1.23,2,6,3.28,1.74
appela,appel,"(0, 1, 1)",1165.2,2,6,5.07,3.2
âpreté,âpre,"(0, 1, 1)",0.04,2,6,3.05,2.42
vérolé,vérole,"(0, 1, 1)",0.02,2,6,2.63,1.9
viandé,viande,"(0, 1, 1)",0.05,2,6,4.51,1.32
tapota,tape,"(0, 1, 1)",0.84,2,6,4.25,1.81
tatoué,tatou,"(0, 1, 1)",4.21,2,6,2.54,3.15
teinté,teindre,"(0, 1, 1)",1.02,2,6,2.93,3.16
terrai,terre,"(0, 1, 1)",0.72,2,6,5.33,1.55
tiercé,tiers,"(0, 1, 1)",1.33,2,6,4.71,2.69
timbré,timbre,"(0, 1, 1)",2.41,2,6,3.8,2.88
tocard,toc,"(0, 1, 1)",1.2,2,6,3.63,2.98
toquée,toque,"(0, 1, 1)",0.79,2,6,2.94,1.89
tourna,tour,"(0, 1, 1)",231.57,2,6,5.37,3.32
éprise,priser,"(1, 1, 0)",0.84,2,6,2.15,2.67
obtins,tenir,"(1, 1, 0)",0.9,2,6,4.89,1.8
ravoir,avoir,"(1, 1, 0)",1.16,2,6,6.08,2.78
tracté,tract,"(0, 1, 1)",0.06,2,6,3.28,2.35
tressé,tresse,"(0, 1, 1)",0.64,2,6,3.02,2.62
triait,tri,"(0, 1, 1)",1.12,2,6,3.98,1.51
triché,triche,"(0, 1, 1)",9.19,2,6,3.53,3.09
truffé,truffe,"(0, 1, 1)",0.809999999999999,2,6,3.14,2.85
truqué,truc,"(0, 1, 1)",3.1,2,6,5.28,3.17
utérin,utérus,"(0, 1, 1)",0.06,2,6,3.57,2.7
valser,valse,"(0, 1, 1)",1.34,2,6,3.36,2.79
vaseux,vase,"(0, 1, 1)",0.25,2,6,3.77,2.63
revend,vendre,"(1, 1, 0)",4.26,2,6,4.81,3.06
revins,vin,"(1, 1, 0)",0.5,2,6,4.79,2.01
revoie,voie,"(1, 1, 0)",3.92,2,6,5.03,2.7
rouvre,ouvre,"(1, 1, 0)",0.94,2,6,4.79,3.04
visita,visite,"(0, 1, 1)",27.43,2,6,4.9,2.77
volage,vol,"(0, 1, 1)",1.69,2,6,4.96,2.71
adroit,droit,"(1, 1, 0)",1.13,2,6,5.56,2.84
averse,verser,"(1, 1, 0)",1.15,2,6,4.07,3.07
déclic,clic,"(1, 1, 0)",0.96,2,6,3.79,3.31
éperdu,perdre,"(1, 1, 0)",0.58,2,6,5.02,2.15
dénoua,nouer,"(1, 1, 0)",1.23,2,6,3.29,1.17
dépoli,polir,"(1, 1, 0)",0.01,2,6,2.79,2.31
détend,tendre,"(1, 1, 0)",50.83,2,6,4.17,3.27
dévore,vore,"(1, 1, 0)",16.3,2,6,1.81,3.23
rebord,bord,"(1, 1, 0)",2.7,2,6,4.98,3.21
recoin,coin,"(1, 1, 0)",2.27,2,6,4.76,2.84
reflux,flux,"(1, 1, 0)",0.47,2,6,4.27,3.11
regain,gain,"(1, 1, 0)",0.14,2,6,4.19,3.38
remous,mou,"(1, 1, 0)",1.49,2,6,3.85,3.34
renais,nais,"(1, 1, 0)",0.35,2,6,2.62,1.91
répand,épandre,"(1, 1, 0)",20.47,2,6,2.29,3.48
repars,partir,"(1, 1, 0)",55.41,2,6,5.48,3.32
revécu,vivre,"(1, 1, 0)",7.79,2,6,5.21,1.95
ardent,ard,"(0, 1, 1)",8.74,2,6,2.72,3.39
ardeur,ard,"(0, 1, 1)",7.06999999999999,2,6,2.72,3.41
arrêta,arrêt,"(0, 1, 1)",1000.27999999999,2,6,4.8,3.31
usités,user,"(0, 1, 1)",0.01,2,6,3.86,2.19
usuels,user,"(0, 1, 1)",0.14,2,6,3.86,2.85
vallon,val,"(0, 1, 1)",2.51,2,6,4.33,3.45
vanité,vain,"(0, 1, 1)",5.16,2,6,4.03,3.3
veston,vêtir,"(0, 1, 1)",1.68,2,6,2.92,2.89
viseur,voir,"(0, 1, 1)",1.48,2,6,5.94,3.38
vitrée,vitre,"(0, 1, 1)",0.67,2,6,3.85,3.12
vivier,vivre,"(0, 1, 1)",0.07,2,6,5.21,3.26
vorace,vore,"(0, 1, 1)",0.94,2,6,1.81,2.63
voyeur,voy,"(0, 1, 1)",3.7,2,6,2.66,3.17
zonard,zone,"(0, 1, 1)",0.18,2,6,5.05,1.47
enraye,rayer,"(1, 1, 0)",0.3,2,6,3.2,2.13
entête,tête,"(1, 1, 0)",0.38,2,6,5.53,2.87
épiler,piler,"(1, 1, 0)",1.13,2,6,2.38,2.99
exposa,poser,"(1, 1, 0)",26.11,2,6,4.83,2.61
survis,voir,"(1, 1, 0)",1.33,2,6,5.94,2.57
afflux,flux,"(1, 1, 0)",0.25,2,6,4.27,3.43
allégé,léger,"(1, 1, 0)",2.73999999999999,2,6,4.49,2.97
avachi,vachir,"(1, 1, 0)",0.46,2,6,0.0,2.15
binôme,nôme,"(1, 1, 0)",0.2,2,6,0.0,3.26
délavé,laver,"(1, 1, 0)",0.29,2,6,4.16,2.51
démuni,munir,"(1, 1, 0)",1.33999999999999,2,6,3.1,2.77
rejoue,jouer,"(1, 1, 0)",2.66,2,6,5.23,2.85
réjoui,jouir,"(1, 1, 0)",17.81,2,6,3.78,2.91
relave,laver,"(1, 1, 0)",0.07,2,6,4.16,1.48
releva,lever,"(1, 1, 0)",50.13,2,6,4.54,3.02
écoula,couler,"(1, 1, 0)",9.68,2,6,4.05,2.0
élança,lancer,"(1, 1, 0)",2.16,2,6,4.68,2.25
embuée,buer,"(1, 1, 0)",0.04,2,6,1.26,1.5
émigré,migrer,"(1, 1, 0)",2.8,2,6,3.11,3.29
emmêle,mêler,"(1, 1, 0)",0.69,2,6,3.82,2.34
emmena,mener,"(1, 1, 0)",268.31,2,6,4.48,2.77
enfoui,fouir,"(1, 1, 0)",5.24,2,6,1.2,3.1
enjoué,jouer,"(1, 1, 0)",1.46,2,6,5.23,2.83
enlaça,lacer,"(1, 1, 0)",2.58,2,6,2.32,1.62
enleva,lever,"(1, 1, 0)",171.09,2,6,4.54,2.66
affola,fou,"(1, 1, 1)",5.83999999999999,3,6,4.9,1.2
agrégé,grèg,"(1, 1, 1)",0.81,3,6,0.0,3.32
ajusta,juste,"(1, 1, 1)",4.73,3,6,5.8,1.51
amassé,masser,"(1, 1, 1)",1.38,3,6,3.22,2.95
amoché,moche,"(1, 1, 1)",2.43,3,6,4.15,2.48
impair,pair,"(1, 1, 0)",0.34,2,6,3.96,3.15
impoli,polir,"(1, 1, 0)",4.22,2,6,2.79,2.99
import,porter,"(1, 1, 0)",256.789999999999,2,6,4.98,3.34
imposa,poser,"(1, 1, 0)",21.97,2,6,4.83,2.89
inapte,apte,"(1, 1, 0)",1.3,2,6,3.63,2.98
inégal,égal,"(1, 1, 0)",0.669999999999999,2,6,4.23,3.1
ingrat,grâce,"(1, 1, 0)",7.64999999999999,2,6,5.29,3.31
irréel,réel,"(1, 1, 0)",2.90999999999999,2,6,4.69,3.09
démodé,mode,"(1, 1, 1)",1.56,3,6,5.15,2.92
dénudé,nu,"(1, 1, 1)",0.9,3,6,4.32,2.79
déplia,pli,"(1, 1, 1)",1.2,3,6,3.36,1.4
déposa,poser,"(1, 1, 1)",50.66,3,6,4.83,2.88
écrémé,crème,"(1, 1, 1)",0.58,3,6,4.39,2.76
renoué,nouer,"(1, 1, 0)",1.02,2,6,3.29,2.61
rentra,entrer,"(1, 1, 0)",540.859999999999,2,6,4.77,3.04
retira,tirer,"(1, 1, 0)",79.3499999999999,2,6,4.76,3.22
abatis,battre,"(1, 1, 1)",0.0,3,6,4.67,1.04
aborda,bord,"(1, 1, 1)",9.49,3,6,4.98,2.22
adjugé,juge,"(1, 1, 1)",1.5,3,6,4.9,3.0
adossa,dos,"(1, 1, 1)",0.49,3,6,4.94,1.73
adouci,doux,"(1, 1, 1)",2.79,3,6,4.55,2.66
affamé,faim,"(1, 1, 1)",13.94,3,6,4.61,3.19
rasade,raser,"(0, 1, 1)",0.47,2,6,3.65,2.2
rasage,raser,"(0, 1, 1)",0.83,2,6,3.65,3.04
rayure,rayer,"(0, 1, 1)",2.82,2,6,3.2,2.7
régent,régir,"(0, 1, 1)",0.77,2,6,2.67,3.48
anémie,ém,"(1, 1, 1)",1.33,3,6,2.13,3.12
apaisa,paix,"(1, 1, 1)",7.42,3,6,4.97,1.76
aparté,partir,"(1, 1, 1)",0.2,3,6,5.48,2.81
apeuré,peur,"(1, 1, 1)",1.64,3,6,5.24,2.62
aplati,plat,"(1, 1, 1)",2.05,3,6,4.52,2.8
assura,sûr,"(1, 1, 1)",110.409999999999,3,6,5.27,2.93
avilir,vil,"(1, 1, 1)",0.4,3,6,3.21,2.07
décati,cat,"(1, 1, 1)",0.04,3,6,3.88,1.61
décodé,code,"(1, 1, 1)",2.3,3,6,5.0,2.15
décrié,cri,"(1, 1, 1)",0.04,3,6,4.1,2.9
agrafé,agrafe,"(0, 1, 1)",0.15,2,6,2.66,1.89
inonda,onde,"(1, 1, 1)",6.42,3,6,4.04,1.72
archer,arche,"(0, 1, 1)",3.77,2,6,3.71,3.43
archet,arche,"(0, 1, 1)",0.46,2,6,3.71,2.84
armada,arme,"(0, 1, 1)",1.04,2,6,4.67,3.17
ballot,balle,"(0, 1, 1)",1.45,2,6,4.6,2.95
boulon,boule,"(0, 1, 1)",2.71999999999999,2,6,4.2,2.88
caveau,cave,"(0, 1, 1)",1.99,2,6,4.17,3.16
féerie,fée,"(0, 1, 1)",0.46,2,6,3.75,2.75
festin,fête,"(0, 1, 1)",4.5,2,6,4.95,3.38
filins,fil,"(0, 1, 1)",0.44,2,6,4.82,1.86
fiston,fils,"(0, 1, 1)",30.38,2,6,5.4,3.22
frimas,frime,"(0, 1, 1)",1.84,2,6,2.53,2.33
gantée,gant,"(0, 1, 1)",0.02,2,6,3.5,1.9
acuité,acu,"(0, 1, 1)",0.56,2,6,1.85,3.09
évente,vent,"(1, 1, 1)",0.09,3,6,4.8,1.63
