Mot,Cat.Gram,Fréquence,numbre de lettres,structure morpho,Condition
oeuf,N,3.45,4.0,0-1-0,réel_basse_court_simple
boue,N,3.9,4.0,0-1-0,réel_basse_court_simple
chic,adj,3.99,4.0,0-1-0,réel_basse_court_simple
cire,N,3.79,4.0,0-1-0,réel_basse_court_simple
scie,N,3.62,4.0,0-1-0,réel_basse_court_simple
nage,N,3.79,4.0,0-1-0,réel_basse_court_simple
orge,N,3.64,4.0,0-1-0,réel_basse_court_simple
pneu,N,3.6,4.0,0-1-0,réel_basse_court_simple
poux,N,3.36,4.0,0-1-0,réel_basse_court_simple
rame,N,3.63,4.0,0-1-0,réel_basse_court_simple
sève,N,3.23,4.0,0-1-0,réel_basse_court_simple
vase,N,3.77,4.0,0-1-0,réel_basse_court_simple
veau,N,3.68,4.0,0-1-0,réel_basse_court_simple
char,N,3.98,4.0,0-1-0,réel_basse_court_simple
ancre,N,3.56,5.0,0-1-0,réel_basse_court_simple
bague,N,3.99,5.0,0-1-0,réel_basse_court_simple
bribe,N,29.50819672,5.0,0-1-0,réel_basse_court_simple
canne,N,3.8,5.0,0-1-0,réel_basse_court_simple
clown,N,3.83,5.0,0-1-0,réel_basse_court_simple
hache,N,3.69,5.0,0-1-0,réel_basse_court_simple
heure,N,34.19203747,5.0,0-1-0,réel_basse_court_simple
hibou,N,3.23,5.0,0-1-0,réel_basse_court_simple
hiver,N,32.31850117,5.0,0-1-0,réel_basse_court_simple
honte,N,30.44496487,5.0,0-1-0,réel_basse_court_simple
moule,N,3.79,5.0,0-1-0,réel_basse_court_simple
poêle,N,3.62,5.0,0-1-0,réel_basse_court_simple
prune,N,25.52693208,5.0,0-1-0,réel_basse_court_simple
sucre,N,36.53395785,5.0,0-1-0,réel_basse_court_simple
sympa,adj,6.791569087,5.0,0-1-0,réel_basse_court_simple
cerise,N,3.69,6.0,0-1-0,réel_basse_court_simple
citron,N,3.88,6.0,0-1-0,réel_basse_court_simple
ananas,N,3.62,6.0,0-1-0,réel_basse_court_simple
râteau,N,2.96,6.0,0-1-0,réel_basse_court_simple
mouton,N,3.92,6.0,0-1-0,réel_basse_court_simple
orange,N/adj,4.6,6.0,0-1-0,réel_basse_court_simple
crayon,N,3.84,6.0,0-1-0,réel_basse_court_simple
valise,N,3.99,6.0,0-1-0,réel_basse_court_simple
balais,N,3.36,6.0,0-1-0,réel_basse_court_simple
raisin,N,3.68,6.0,0-1-0,réel_basse_court_simple
girafe,N,3.14,6.0,0-1-0,réel_basse_court_simple
hagard,adj,2.41,6.0,0-1-0,réel_basse_court_simple
asthme,N,29.03981265,6.0,0-1-0,réel_basse_court_simple
méduse,N,3.14,6.0,0-1-0,réel_basse_court_simple
cortex,N,3.42,6.0,0-1-0,réel_basse_court_simple
rats,N,3.9,4.0,0-1-1,réel_basse_court_complexe
lits,N,3.95,4.0,0-1-1,réel_basse_court_complexe
bols,N,3.05,4.0,0-1-1,réel_basse_court_complexe
fées,N,3.7,4.0,0-1-1,réel_basse_court_complexe
buée,N,2.76,4.0,0-1-1,réel_basse_court_complexe
futé,adj,3.18,4.0,0-1-1,réel_basse_court_complexe
sure,adj,3.89,4.0,0-1-1,réel_basse_court_complexe
sali,V,3.02,4.0,0-1-1,réel_basse_court_complexe
moue,N,0.05,4.0,0-1-1,réel_basse_court_complexe
rusé,Adj,3.07,4.0,0-1-1,réel_basse_court_complexe
frie,V,2.45,4.0,0-1-1,réel_basse_court_complexe
sels,N,3.45,4.0,0-1-1,réel_basse_court_complexe
secs,adj,3.76,4.0,0-1-1,réel_basse_court_complexe
ruée,N,3.17,4.0,0-1-1,réel_basse_court_complexe
mûri,V,2.91,4.0,0-1-1,réel_basse_court_complexe
choux,N/adj,3.68,5.0,0-1-1,réel_basse_court_complexe
reins,N,3.77,5.0,0-1-1,réel_basse_court_complexe
pains,N,3.72,5.0,0-1-1,réel_basse_court_complexe
grues,N,3.17,5.0,0-1-1,réel_basse_court_complexe
raies,N,3.2,5.0,0-1-1,réel_basse_court_complexe
clous,N,3.65,5.0,0-1-1,réel_basse_court_complexe
skier,V,3.11,5.0,0-1-1,réel_basse_court_complexe
hâtif,adj,2.63,5.0,0-1-1,réel_basse_court_complexe
nasal,adj,2.78,5.0,0-1-1,réel_basse_court_complexe
gaité,N,2.55,5.0,0-1-1,réel_basse_court_complexe
mural,adj,2.86,5.0,0-1-1,réel_basse_court_complexe
envol,N,3.44,5.0,0-1-1,réel_basse_court_complexe
impur,adj,3.02,5.0,0-1-1,réel_basse_court_complexe
relit,V,2.64,5.0,0-1-1,réel_basse_court_complexe
enfui,V,3.12,5.0,0-1-1,réel_basse_court_complexe
noeuds,N,3.26,6.0,0-1-1,réel_basse_court_complexe
barils,N,3.32,6.0,0-1-1,réel_basse_court_complexe
galets,N,3.3,6.0,0-1-1,réel_basse_court_complexe
bûches,N,2.86,6.0,0-1-1,réel_basse_court_complexe
gommes,N,2.83,6.0,0-1-1,réel_basse_court_complexe
figues,N,3.07,6.0,0-1-1,réel_basse_court_complexe
bulles,N,3.78,6.0,0-1-1,réel_basse_court_complexe
mortel,Adj,3.93,6.0,0-1-1,réel_basse_court_complexe
postal,adj,3.58,6.0,0-1-1,réel_basse_court_complexe
dégoût,N,3.59,6.0,1-1-0,réel_basse_court_complexe
inapte,Adj,2.98,6.0,1-1-0,réel_basse_court_complexe
détour,N,3.91,6.0,1-1-0,réel_basse_court_complexe
irréel,Adj,3.09,6.0,1-1-0,réel_basse_court_complexe
surnom,N,3.95,6.0,1-1-0,réel_basse_court_complexe
pourvu,V,3.85,6.0,0-1-1,réel_basse_court_complexe
amphore,N,2.47,7.0,0-1-0,réel_basse_long_simple
cadenas,N,3.39,7.0,0-1-0,réel_basse_long_simple
grenade,N,3.9,7.0,0-1-0,réel_basse_long_simple
écharpe,N,3.61,7.0,0-1-0,réel_basse_long_simple
briquet,N,3.33,7.0,0-1-0,réel_basse_long_simple
chameau,N,3.32,7.0,0-1-0,réel_basse_long_simple
tambour,N,3.65,7.0,0-1-0,réel_basse_long_simple
robinet,N,3.75,7.0,0-1-0,réel_basse_long_simple
hôpital,N,30.09367681,7.0,0-1-0,réel_basse_long_simple
horizon,N,29.27400468,7.0,0-1-0,réel_basse_long_simple
murmure,N/V,25.76112412,7.0,0-1-0,réel_basse_long_simple
puberté,N,24.12177986,7.0,0-1-0,réel_basse_long_simple
muscade,N,24.82435597,7.0,0-1-0,réel_basse_long_simple
vouvoie,V,26.58079625,7.0,0-1-0,réel_basse_long_simple
courage,N,30.67915691,7.0,0-1-0,réel_basse_long_simple
papillon,N,3.89,8.0,0-1-0,réel_basse_long_simple
hérisson,N,3.16,8.0,0-1-0,réel_basse_long_simple
pingouin,N,3.2,8.0,0-1-0,réel_basse_long_simple
elephant,N,4.27,8.0,0-1-0,réel_basse_long_simple
aiguille,N,3.9,8.0,0-1-0,réel_basse_long_simple
pyramide,N,21.77985948,8.0,0-1-0,réel_basse_long_simple
couverte,adj,23.30210773,8.0,0-1-0,réel_basse_long_simple
carrosse,N,21.31147541,8.0,0-1-0,réel_basse_long_simple
crevette,N,19.67213115,8.0,0-1-0,réel_basse_long_simple
rancoeur,N,18.96955504,8.0,0-1-0,réel_basse_long_simple
chapitre,N,19.90632319,8.0,0-1-0,réel_basse_long_simple
prouesse,N,27.16627635,8.0,0-1-0,réel_basse_long_simple
absinthe,N,19.43793911,8.0,0-1-0,réel_basse_long_simple
atteinte,N,18.735363,8.0,0-1-0,réel_basse_long_simple
prothèse,N,29.74238876,8.0,0-1-0,réel_basse_long_simple
aubergine,N,2.91,9.0,0-1-0,réel_basse_long_simple
kangourou,N,3.08,9.0,0-1-0,réel_basse_long_simple
horoscope,N,27.40046838,9.0,0-1-0,réel_basse_long_simple
hurricane,N,22.24824356,9.0,0-1-0,réel_basse_long_simple
crocodile,N,18.03278689,9.0,0-1-0,réel_basse_long_simple
chirurgie,N,17.79859485,9.0,0-1-0,réel_basse_long_simple
orchestre,N,17.56440281,9.0,0-1-0,réel_basse_long_simple
cacahuète,N,17.33021077,9.0,0-1-0,réel_basse_long_simple
langouste,N,15.45667447,9.0,0-1-0,réel_basse_long_simple
pharmacie,N,14.28571429,9.0,0-1-0,réel_basse_long_simple
avalanche,N,14.05152225,9.0,0-1-0,réel_basse_long_simple
libellule,N,13.23185012,9.0,0-1-0,réel_basse_long_simple
satellite,N,13.23185012,9.0,0-1-0,réel_basse_long_simple
dinosaure,N,12.41217799,9.0,0-1-0,réel_basse_long_simple
cauchemar,N,7.259953162,9.0,0-1-0,réel_basse_long_simple
rouleau,N,3.77,7.0,0-1-1,réel_basse_long_complexe
sifflet,N,3.39,7.0,0-1-1,réel_basse_long_complexe
amandes,N,3.37,7.0,0-1-1,réel_basse_long_complexe
flèches,N,3.72,7.0,0-1-1,réel_basse_long_complexe
bougies,N,3.75,7.0,0-1-1,réel_basse_long_complexe
ballons,N,3.82,7.0,0-1-1,réel_basse_long_complexe
briques,N,3.86,7.0,0-1-1,réel_basse_long_complexe
indigne,Adj,3.79,7.0,1-1-0,réel_basse_long_complexe
imprévu,adj,3.35,7.0,1-1-0,réel_basse_long_complexe
défonce,V,3.41,7.0,1-1-0,réel_basse_long_complexe
coopère,V,2.86,7.0,1-1-0,réel_basse_long_complexe
orbital,Adj,2.84,7.0,0-1-1,réel_basse_long_complexe
tortues,N,3.55,7.0,0-1-1,réel_basse_long_complexe
spatial,adj,3.79,7.0,0-1-1,réel_basse_long_complexe
rocheux,adj,3.21,7.0,0-1-1,réel_basse_long_complexe
cerveaux,N,3.61,8.0,0-1-1,réel_basse_long_complexe
bouchons,N,3.73,8.0,0-1-1,réel_basse_long_complexe
berceau,N,3.78,8.0,0-1-1,réel_basse_long_complexe
canetons,N,2.23,8.0,0-1-1,réel_basse_long_complexe
chevalet,N,2.98,8.0,0-1-1,réel_basse_long_complexe
passoire,N,2.99,8.0,0-1-1,réel_basse_long_complexe
sucettes,N,2.79,8.0,0-1-1,réel_basse_long_complexe
immobile,adj,3.53,8.0,1-1-0,réel_basse_long_complexe
instable,adj,3.71,8.0,1-1-0,réel_basse_long_complexe
infidèle,adj,3.43,8.0,1-1-0,réel_basse_long_complexe
désordre,N,3.83,8.0,1-1-0,réel_basse_long_complexe
recourir,V,3.8,8.0,1-1-0,réel_basse_long_complexe
déplaire,V,3.28,8.0,1-1-0,réel_basse_long_complexe
surpasse,V,3.24,8.0,1-1-0,réel_basse_long_complexe
envoient,V,3.87,8.0,0-1-1,réel_basse_long_complexe
allumette,N,2.84,9.0,0-1-1,réel_basse_long_complexe
tournevis,N,3.18,9.0,1-1-0,réel_basse_long_complexe
parapluie,N,3.52,9.0,1-1-0,réel_basse_long_complexe
bracelets,N,3.6,9.0,0-1-1,réel_basse_long_complexe
baguettes,N,3.41,9.0,0-1-1,réel_basse_long_complexe
tournesol,N,3.25,9.0,1-1-0,réel_basse_long_complexe
disquette,N,2.98,9.0,0-1-1,réel_basse_long_complexe
désespoir,N,3.89,9.0,1-1-0,réel_basse_long_complexe
indiscret,adj,3.11,9.0,1-1-0,réel_basse_long_complexe
réconfort,N,3.52,9.0,1-1-0,réel_basse_long_complexe
recouvert,V,3.74,9.0,1-1-0,réel_basse_long_complexe
désaccord,N,3.88,9.0,1-1-0,réel_basse_long_complexe
incorrect,Adj,3.13,9.0,1-1-0,réel_basse_long_complexe
décompose,V,3.25,9.0,1-1-0,réel_basse_long_complexe
infortune,N,2.86,9.0,1-1-0,réel_basse_long_complexe
lait,N,4.61,4.0,0-1-0,réel_haute_court_simple
pont,N,4.76,4.0,0-1-0,réel_haute_court_simple
nuit,N,5.38,4.0,0-1-0,réel_haute_court_simple
bain,N,4.55,4.0,0-1-0,réel_haute_court_simple
café,N,4.76,4.0,0-1-0,réel_haute_court_simple
banc,N,4.22,4.0,0-1-0,réel_haute_court_simple
vent,N,4.8,4.0,0-1-0,réel_haute_court_simple
miel,N,4.15,4.0,0-1-0,réel_haute_court_simple
lave,N,4.07,4.0,0-1-0,réel_haute_court_simple
loup,N,4.36,4.0,0-1-0,réel_haute_court_simple
clef,N,4.06,4.0,0-1-0,réel_haute_court_simple
épée,N,4.2,4.0,0-1-0,réel_haute_court_simple
robe,N,4.59,4.0,0-1-0,réel_haute_court_simple
four,N,4.26,4.0,0-1-0,réel_haute_court_simple
moto,N,4.31,4.0,0-1-0,réel_haute_court_simple
piano,N,4.26,5.0,0-1-0,réel_haute_court_simple
radio,N,4.92,5.0,0-1-0,réel_haute_court_simple
poule,N,4.21,5.0,0-1-0,réel_haute_court_simple
lampe,N,4.04,5.0,0-1-0,réel_haute_court_simple
coeur,N,4.99,5.0,0-1-0,réel_haute_court_simple
règle,N,4.72,5.0,0-1-0,réel_haute_court_simple
glace,N,4.63,5.0,0-1-0,réel_haute_court_simple
voici,adv,99.06323185,5.0,0-1-0,réel_haute_court_simple
voilà,adv,98.82903981,5.0,0-1-0,réel_haute_court_simple
sinon,conjunction/adv,79.62529274,5.0,0-1-0,réel_haute_court_simple
ainsi,adv,78.92271663,5.0,0-1-0,réel_haute_court_simple
grâce,N/preposition,70.72599532,5.0,0-1-0,réel_haute_court_simple
local,Adj/N,4.66,5.0,0-1-0,réel_haute_court_simple
aussi,Adv/conjunction,6.19,5.0,0-1-0,réel_haute_court_simple
avant,prep/adv,5.92,5.0,0-1-0,réel_haute_court_simple
camion,N,4.27,6.0,0-1-0,réel_haute_court_simple
salade,N,4.05,6.0,0-1-0,réel_haute_court_simple
soleil,N,5.03,6.0,0-1-0,réel_haute_court_simple
maison,N,5.53,6.0,0-1-0,réel_haute_court_simple
cloche,N,4.0,6.0,0-1-0,réel_haute_court_simple
langue,N,5.12,6.0,0-1-0,réel_haute_court_simple
oiseau,N,4.31,6.0,0-1-0,réel_haute_court_simple
bateau,N,4.61,6.0,0-1-0,réel_haute_court_simple
volant,N,4.31,6.0,0-1-0,réel_haute_court_simple
casque,N,4.26,6.0,0-1-0,réel_haute_court_simple
jamais,adv,90.39812646,6.0,0-1-0,réel_haute_court_simple
gloire,N,87.35362998,6.0,0-1-0,réel_haute_court_simple
pilule,N,82.20140515,6.0,0-1-0,réel_haute_court_simple
alerte,N/Adj,77.75175644,6.0,0-1-0,réel_haute_court_simple
sombre,Adj ,70.96018735,6.0,0-1-0,réel_haute_court_simple
yeux,N,5.31,4.0,0-1-1,réel_haute_court_complexe
rois,N,4.25,4.0,0-1-1,réel_haute_court_complexe
pris,V,5.44,4.0,0-1-1,réel_haute_court_complexe
venu,V,4.81,4.0,0-1-1,réel_haute_court_complexe
dors,V,4.09,4.0,0-1-1,réel_haute_court_complexe
vécu,V,4.67,4.0,0-1-1,réel_haute_court_complexe
rêvé,V,4.01,4.0,0-1-1,réel_haute_court_complexe
tant,Adj,5.54,4.0,0-1-1,réel_haute_court_complexe
sort,V,5.05,4.0,0-1-1,réel_haute_court_complexe
sens,N,5.5,4.0,0-1-1,réel_haute_court_complexe
tous,pronoun/adj,6.11,4.0,0-1-1,réel_haute_court_complexe
base,N/Adj,5.3,4.0,0-1-1,réel_haute_court_complexe
vive,Adj,4.58,4.0,0-1-1,réel_haute_court_complexe
bons,Adj,4.95,4.0,0-1-1,réel_haute_court_complexe
mort,Adj,5.64,4.0,0-1-1,réel_haute_court_complexe
têtes,N,4.42,5.0,0-1-1,réel_haute_court_complexe
chats,N,4.27,5.0,0-1-1,réel_haute_court_complexe
ponts,N,4.21,5.0,0-1-1,réel_haute_court_complexe
mains,N,5.04,5.0,0-1-1,réel_haute_court_complexe
ailes,N,4.27,5.0,0-1-1,réel_haute_court_complexe
roues,N,4.22,5.0,0-1-1,réel_haute_court_complexe
belle,Adj,5.31,5.0,0-1-1,réel_haute_court_complexe
final,Adj,4.87,5.0,0-1-1,réel_haute_court_complexe
usage,N/Adj,4.83,5.0,0-1-1,réel_haute_court_complexe
idéal,Adj,4.47,5.0,0-1-1,réel_haute_court_complexe
malin,N,4.15,5.0,0-1-1,réel_haute_court_complexe
tueur,Adj,4.05,5.0,0-1-1,réel_haute_court_complexe
revue,N/Adj,4.72,5.0,0-1-1,réel_haute_court_complexe
enfin,Adv,5.47,5.0,1-1-0,réel_haute_court_complexe
remet,V,4.24,5.0,1-1-0,réel_haute_court_complexe
bottes,N,4.01,6.0,0-1-1,réel_haute_court_complexe
doigts,N,4.58,6.0,0-1-1,réel_haute_court_complexe
avions,N,4.74,6.0,0-1-1,réel_haute_court_complexe
pommes,N,4.21,6.0,0-1-1,réel_haute_court_complexe
livres,N,4.97,6.0,0-1-1,réel_haute_court_complexe
fleurs,N,4.67,6.0,0-1-1,réel_haute_court_complexe
cartes,N,4.67,6.0,0-1-1,réel_haute_court_complexe
normal,Adj,4.9,6.0,0-1-1,réel_haute_court_complexe
soirée,N,5.0,6.0,0-1-1,réel_haute_court_complexe
acteur,N,4.64,6.0,0-1-1,réel_haute_court_complexe
fierté,N,4.21,6.0,0-1-1,réel_haute_court_complexe
joueur,N,4.98,6.0,0-1-1,réel_haute_court_complexe
amitié,N,4.55,6.0,0-1-1,réel_haute_court_complexe
prénom,N,4.48,6.0,1-1-0,réel_haute_court_complexe
survie,N,4.24,6.0,1-1-0,réel_haute_court_complexe
oreille,N,4.39,7.0,0-1-0,réel_haut_long_simple
maillot,N,4.31,7.0,0-1-0,réel_haut_long_simple
guitare,N,4.2,7.0,0-1-0,réel_haut_long_simple
échelle,N,4.64,7.0,0-1-0,réel_haut_long_simple
briquet,N,3.33,7.0,0-1-0,réel_haut_long_simple
chapeau,N,4.36,7.0,0-1-0,réel_haut_long_simple
feuille,N,4.41,7.0,0-1-0,réel_haut_long_simple
collier,N,4.09,7.0,0-1-0,réel_haut_long_simple
serpent,N,4.02,7.0,0-1-0,réel_haut_long_simple
conseil,N,88.05620609,7.0,0-1-0,réel_haut_long_simple
liquide,N/Adj,71.8969555,7.0,0-1-0,réel_haut_long_simple
constat,N,82.43559719,7.0,0-1-0,réel_haut_long_simple
placide,Adj,73.53629977,7.0,0-1-0,réel_haut_long_simple
bourbon,N/Adj,91.10070258,7.0,0-1-0,réel_haut_long_simple
goudron,N,75.17564403,7.0,0-1-0,réel_haut_long_simple
chocolat,N,4.49,8.0,0-1-0,réel_haut_long_simple
assiette,N,4.07,8.0,0-1-0,réel_haut_long_simple
ceinture,N,4.27,8.0,0-1-0,réel_haut_long_simple
perruque,N,94.84777518,8.0,0-1-0,réel_haut_long_simple
phalange,N,90.16393443,8.0,0-1-0,réel_haut_long_simple
agricole,Adj,81.264637,8.0,0-1-0,réel_haut_long_simple
gourmand,Adj/N,71.66276347,8.0,0-1-0,réel_haut_long_simple
angoisse,N,71.19437939,8.0,0-1-0,réel_haut_long_simple
amalgame,N,75.6440281,8.0,0-1-0,réel_haut_long_simple
conquête,N,88.7587822,8.0,0-1-0,réel_haut_long_simple
zodiaque,N,92.97423888,8.0,0-1-0,réel_haut_long_simple
personne,N,93.91100703,8.0,0-1-0,réel_haut_long_simple
confetti,N,96.72131148,8.0,0-1-0,réel_haut_long_simple
immeuble,N,99.29742389,8.0,0-1-0,réel_haut_long_simple
perplexe,Adj,96.48711944,8.0,0-1-0,réel_haut_long_simple
gingembre,N,92.74004684,9.0,0-1-0,réel_haut_long_simple
acquiesça,V,89.22716628,9.0,0-1-0,réel_haut_long_simple
phénomène,N,88.99297424,9.0,0-1-0,réel_haut_long_simple
consensus,N,85.94847775,9.0,0-1-0,réel_haut_long_simple
séquestre,N/Adj,85.48009368,9.0,0-1-0,réel_haut_long_simple
bourgeron,N,84.77751756,9.0,0-1-0,réel_haut_long_simple
piédestal,N,84.54332553,9.0,0-1-0,réel_haut_long_simple
bourgogne,N/Adj,84.30913349,9.0,0-1-0,réel_haut_long_simple
léthargie,N,78.68852459,9.0,0-1-0,réel_haut_long_simple
pissenlit,N,78.22014052,9.0,0-1-0,réel_haut_long_simple
sollicite,V,74.00468384,9.0,0-1-0,réel_haut_long_simple
poussière,N,4.11,9.0,0-1-0,réel_haut_long_simple
manifeste,Adj/N,4.2,9.0,0-1-0,réel_haut_long_simple
préalable,Adj/N,4.14,9.0,0-1-0,réel_haut_long_simple
processus,N,4.79,9.0,0-1-0,réel_haut_long_simple
portail,N,4.14,7.0,0-1-1,réel_haut_long_complexe
étoiles,N,4.59,7.0,0-1-1,réel_haut_long_complexe
légumes,N,4.27,7.0,0-1-1,réel_haut_long_complexe
poignée,N,4.13,7.0,0-1-1,réel_haut_long_complexe
billets,N,4.48,7.0,0-1-1,réel_haut_long_complexe
clients,N,4.83,7.0,0-1-1,réel_haut_long_complexe
naturel,Adj,4.72,7.0,0-1-1,réel_haut_long_complexe
inconnu,Adj,4.38,7.0,1-1-0,réel_haut_long_complexe
illégal,Adj,4.06,7.0,1-1-0,réel_haut_long_complexe
mariage,N,5.05,7.0,0-1-1,réel_haut_long_complexe
liberté,N,5.05,7.0,0-1-1,réel_haut_long_complexe
justice,N,5.12,7.0,0-1-1,réel_haut_long_complexe
artiste,N,4.74,7.0,0-1-1,réel_haut_long_complexe
maladie,N,4.88,7.0,0-1-1,réel_haut_long_complexe
réalité,N,5.04,7.0,0-1-1,réel_haut_long_complexe
insectes,N,4.13,8.0,0-1-1,réel_haut_long_complexe
uniforme,N,4.26,8.0,0-1-1,réel_haut_long_complexe
poissons,N,4.43,8.0,0-1-1,réel_haut_long_complexe
colonnes,N,4.08,8.0,0-1-1,réel_haut_long_complexe
montagne,N,4.62,8.0,0-1-1,réel_haut_long_complexe
céréales,N,4.08,8.0,0-1-1,réel_haut_long_complexe
chiffres,N,4.76,8.0,0-1-1,réel_haut_long_complexe
remarque,N,4.54,8.0,1-1-0,réel_haut_long_complexe
sécurité,N,5.24,8.0,0-1-1,réel_haut_long_complexe
étranger,N,4.86,8.0,0-1-1,réel_haut_long_complexe
décision,N,4.97,8.0,0-1-1,réel_haut_long_complexe
quartier,N,4.93,8.0,0-1-1,réel_haut_long_complexe
deuxième,Adj,5.24,8.0,0-1-1,réel_haut_long_complexe
vraiment,Adv,5.8,8.0,0-1-1,réel_haut_long_complexe
français,Adj/N,5.78,8.0,0-1-1,réel_haut_long_complexe
cigarette,N,4.1,9.0,0-1-1,réel_haut_long_complexe
bouteille,N,4.41,9.0,0-1-1,réel_haut_long_complexe
médailles,N,4.08,9.0,0-1-1,réel_haut_long_complexe
chauffage,N,4.08,9.0,0-1-1,réel_haut_long_complexe
téléphone,N,5.0,9.0,0-1-1,réel_haut_long_complexe
assurance,N,4.74,9.0,0-1-1,réel_haut_long_complexe
éducation,N,4.95,9.0,0-1-1,réel_haut_long_complexe
découvert,Adj/N,4.72,9.0,0-1-1,réel_haut_long_complexe
sentiment,N,4.7,9.0,0-1-1,réel_haut_long_complexe
seulement,Adv,5.47,9.0,0-1-1,réel_haut_long_complexe
différent,Adj ,4.67,9.0,0-1-1,réel_haut_long_complexe
contraire,Adj/N,4.98,9.0,0-1-1,réel_haut_long_complexe
également,Adv,5.59,9.0,0-1-1,réel_haut_long_complexe
américain,N/Adj,5.06,9.0,0-1-1,réel_haut_long_complexe
personnel,N/Adj,4.95,9.0,0-1-1,réel_haut_long_complexe
bafé,,,,,pseudo_court_simple
baic,,,,,pseudo_court_simple
bait,,,,,pseudo_court_simple
bame,,,,,pseudo_court_simple
bane,,,,,pseudo_court_simple
bant,,,,,pseudo_court_simple
bobe,,,,,pseudo_court_simple
bone,,,,,pseudo_court_simple
boto,,,,,pseudo_court_simple
boup,,,,,pseudo_court_simple
boux,,,,,pseudo_court_simple
caic,,,,,pseudo_court_simple
caie,,,,,pseudo_court_simple
cain,,,,,pseudo_court_simple
cait,,,,,pseudo_court_simple
canc,,,,,pseudo_court_simple
cant,,,,,pseudo_court_simple
chau,,,,,pseudo_court_simple
chin,,,,,pseudo_court_simple
chit,,,,,pseudo_court_simple
cief,,,,,pseudo_court_simple
cieu,,,,,pseudo_court_simple
clel,,,,,pseudo_court_simple
cleu,,,,,pseudo_court_simple
fobe,,,,,pseudo_court_simple
fonc,,,,,pseudo_court_simple
foto,,,,,pseudo_court_simple
foue,,,,,pseudo_court_simple
fouf,,,,,pseudo_court_simple
foup,,,,,pseudo_court_simple
foux,,,,,pseudo_court_simple
lafé,,,,,pseudo_court_simple
lage,,,,,pseudo_court_simple
laic,,,,,pseudo_court_simple
lain,,,,,pseudo_court_simple
lanc,,,,,pseudo_court_simple
lane,,,,,pseudo_court_simple
lant,,,,,pseudo_court_simple
lase,,,,,pseudo_court_simple
lone,,,,,pseudo_court_simple
lont,,,,,pseudo_court_simple
lour,,,,,pseudo_court_simple
loux,,,,,pseudo_court_simple
mief,,,,,pseudo_court_simple
mieu,,,,,pseudo_court_simple
mobe,,,,,pseudo_court_simple
mone,,,,,pseudo_court_simple
mouf,,,,,pseudo_court_simple
moup,,,,,pseudo_court_simple
mour,,,,,pseudo_court_simple
moux,,,,,pseudo_court_simple
nafé,,,,,pseudo_court_simple
naie,,,,,pseudo_court_simple
nait,,,,,pseudo_court_simple
name,,,,,pseudo_court_simple
nanc,,,,,pseudo_court_simple
nane,,,,,pseudo_court_simple
nuic,,,,,pseudo_court_simple
nuie,,,,,pseudo_court_simple
nuin,,,,,pseudo_court_simple
oear,,,,,pseudo_court_simple
oeau,,,,,pseudo_court_simple
oenc,,,,,pseudo_court_simple
oent,,,,,pseudo_court_simple
oeue,,,,,pseudo_court_simple
oeur,,,,,pseudo_court_simple
pnef,,,,,pseudo_court_simple
pnel,,,,,pseudo_court_simple
pobe,,,,,pseudo_court_simple
ponc,,,,,pseudo_court_simple
pone,,,,,pseudo_court_simple
poto,,,,,pseudo_court_simple
poue,,,,,pseudo_court_simple
poup,,,,,pseudo_court_simple
rafé,,,,,pseudo_court_simple
raic,,,,,pseudo_court_simple
rant,,,,,pseudo_court_simple
ronc,,,,,pseudo_court_simple
rone,,,,,pseudo_court_simple
ront,,,,,pseudo_court_simple
roup,,,,,pseudo_court_simple
rour,,,,,pseudo_court_simple
scic,,,,,pseudo_court_simple
scin,,,,,pseudo_court_simple
scit,,,,,pseudo_court_simple
vafé,,,,,pseudo_court_simple
vage,,,,,pseudo_court_simple
vaic,,,,,pseudo_court_simple
vaie,,,,,pseudo_court_simple
vait,,,,,pseudo_court_simple
vame,,,,,pseudo_court_simple
vanc,,,,,pseudo_court_simple
vant,,,,,pseudo_court_simple
vave,,,,,pseudo_court_simple
vear,,,,,pseudo_court_simple
venc,,,,,pseudo_court_simple
vene,,,,,pseudo_court_simple
veue,,,,,pseudo_court_simple
veup,,,,,pseudo_court_simple
veur,,,,,pseudo_court_simple
aiant,,,,,pseudo_court_simple
aibon,,,,,pseudo_court_simple
ainte,,,,,pseudo_court_simple
aiver,,,,,pseudo_court_simple
ancal,,,,,pseudo_court_simple
auche,,,,,pseudo_court_simple
avace,,,,,pseudo_court_simple
avaci,,,,,pseudo_court_simple
avave,,,,,pseudo_court_simple
brace,,,,,pseudo_court_simple
brâce,,,,,pseudo_court_simple
brano,,,,,pseudo_court_simple
brice,,,,,pseudo_court_simple
brile,,,,,pseudo_court_simple
brulà,,,,,pseudo_court_simple
brule,,,,,pseudo_court_simple
brunt,,,,,pseudo_court_simple
claci,,,,,pseudo_court_simple
clane,,,,,pseudo_court_simple
clano,,,,,pseudo_court_simple
clave,,,,,pseudo_court_simple
cocre,,,,,pseudo_court_simple
coêle,,,,,pseudo_court_simple
coeue,,,,,pseudo_court_simple
coice,,,,,pseudo_court_simple
coile,,,,,pseudo_court_simple
glant,,,,,pseudo_court_simple
glave,,,,,pseudo_court_simple
glown,,,,,pseudo_court_simple
grâci,,,,,pseudo_court_simple
gribe,,,,,pseudo_court_simple
grice,,,,,pseudo_court_simple
grile,,,,,pseudo_court_simple
grule,,,,,pseudo_court_simple
grune,,,,,pseudo_court_simple
grure,,,,,pseudo_court_simple
hacal,,,,,pseudo_court_simple
hacre,,,,,pseudo_court_simple
hadio,,,,,pseudo_court_simple
hagur,,,,,pseudo_court_simple
hampa,,,,,pseudo_court_simple
heule,,,,,pseudo_court_simple
heuno,,,,,pseudo_court_simple
hiane,,,,,pseudo_court_simple
hiano,,,,,pseudo_court_simple
hiave,,,,,pseudo_court_simple
hinon,,,,,pseudo_court_simple
hinou,,,,,pseudo_court_simple
hinsi,,,,,pseudo_court_simple
hinte,,,,,pseudo_court_simple
hoeue,,,,,pseudo_court_simple
hoibe,,,,,pseudo_court_simple
hoice,,,,,pseudo_court_simple
honou,,,,,pseudo_court_simple
honsi,,,,,pseudo_court_simple
houre,,,,,pseudo_court_simple
lacre,,,,,pseudo_court_simple
ladio,,,,,pseudo_court_simple
laglà,,,,,pseudo_court_simple
lagle,,,,,pseudo_court_simple
lague,,,,,pseudo_court_simple
loile,,,,,pseudo_court_simple
loêle,,,,,pseudo_court_simple
loeue,,,,,pseudo_court_simple
loeur,,,,,pseudo_court_simple
loile,,,,,pseudo_court_simple
lonsi,,,,,pseudo_court_simple
moeur,,,,,pseudo_court_simple
moibe,,,,,pseudo_court_simple
moici,,,,,pseudo_court_simple
moilà,,,,,pseudo_court_simple
piaci,,,,,pseudo_court_simple
piave,,,,,pseudo_court_simple
pinou,,,,,pseudo_court_simple
pocal,,,,,pseudo_court_simple
poeur,,,,,pseudo_court_simple
poibe,,,,,pseudo_court_simple
poice,,,,,pseudo_court_simple
pouno,,,,,pseudo_court_simple
prâce,,,,,pseudo_court_simple
prâci,,,,,pseudo_court_simple
prane,,,,,pseudo_court_simple
price,,,,,pseudo_court_simple
prici,,,,,pseudo_court_simple
prilà,,,,,pseudo_court_simple
prile,,,,,pseudo_court_simple
racre,,,,,pseudo_court_simple
rague,,,,,pseudo_court_simple
règue,,,,,pseudo_court_simple
règur,,,,,pseudo_court_simple
siaci,,,,,pseudo_court_simple
siver,,,,,pseudo_court_simple
sussi,,,,,pseudo_court_simple
vocre,,,,,pseudo_court_simple
voêle,,,,,pseudo_court_simple
voeue,,,,,pseudo_court_simple
voibe,,,,,pseudo_court_simple
voice,,,,,pseudo_court_simple
vonsi,,,,,pseudo_court_simple
voure,,,,,pseudo_court_simple
balant,,,,,pseudo_court_simple
maisin,,,,,pseudo_court_simple
camais,,,,,pseudo_court_simple
solais,,,,,pseudo_court_simple
crange,,,,,pseudo_court_simple
cranas,,,,,pseudo_court_simple
orayon,,,,,pseudo_court_simple
gloche,,,,,pseudo_court_simple
salise,,,,,pseudo_court_simple
voleil,,,,,pseudo_court_simple
solant,,,,,pseudo_court_simple
oranas,,,,,pseudo_court_simple
cloire,,,,,pseudo_court_simple
valade,,,,,pseudo_court_simple
volade,,,,,pseudo_court_simple
jamion,,,,,pseudo_court_simple
salais,,,,,pseudo_court_simple
anange,,,,,pseudo_court_simple
solade,,,,,pseudo_court_simple
bali,,,,,pseudo_court_complexe
bant,,,,,pseudo_court_complexe
baté,,,,,pseudo_court_complexe
boie,,,,,pseudo_court_complexe
boli,,,,,pseudo_court_complexe
bonu,,,,,pseudo_court_complexe
bori,,,,,pseudo_court_complexe
bors,,,,,pseudo_court_complexe
bort,,,,,pseudo_court_complexe
boux,,,,,pseudo_court_complexe
buri,,,,,pseudo_court_complexe
burs,,,,,pseudo_court_complexe
busé,,,,,pseudo_court_complexe
doie,,,,,pseudo_court_complexe
doli,,,,,pseudo_court_complexe
dols,,,,,pseudo_court_complexe
dori,,,,,pseudo_court_complexe
doue,,,,,pseudo_court_complexe
dous,,,,,pseudo_court_complexe
fécs,,,,,pseudo_court_complexe
fécu,,,,,pseudo_court_complexe
fuée,,,,,pseudo_court_complexe
fure,,,,,pseudo_court_complexe
furi,,,,,pseudo_court_complexe
futs,,,,,pseudo_court_complexe
livé,,,,,pseudo_court_complexe
moie,,,,,pseudo_court_complexe
moli,,,,,pseudo_court_complexe
monu,,,,,pseudo_court_complexe
mori,,,,,pseudo_court_complexe
moux,,,,,pseudo_court_complexe
mûrt,,,,,pseudo_court_complexe
rali,,,,,pseudo_court_complexe
rals,,,,,pseudo_court_complexe
rans,,,,,pseudo_court_complexe
rant,,,,,pseudo_court_complexe
ranu,,,,,pseudo_court_complexe
roie,,,,,pseudo_court_complexe
roli,,,,,pseudo_court_complexe
rols,,,,,pseudo_court_complexe
ront,,,,,pseudo_court_complexe
rore,,,,,pseudo_court_complexe
rori,,,,,pseudo_court_complexe
rors,,,,,pseudo_court_complexe
rort,,,,,pseudo_court_complexe
rous,,,,,pseudo_court_complexe
rure,,,,,pseudo_court_complexe
ruri,,,,,pseudo_court_complexe
rurs,,,,,pseudo_court_complexe
rurt,,,,,pseudo_court_complexe
ruté,,,,,pseudo_court_complexe
ruts,,,,,pseudo_court_complexe
sant,,,,,pseudo_court_complexe
sase,,,,,pseudo_court_complexe
sasé,,,,,pseudo_court_complexe
saté,,,,,pseudo_court_complexe
sats,,,,,pseudo_court_complexe
secu,,,,,pseudo_court_complexe
seli,,,,,pseudo_court_complexe
senu,,,,,pseudo_court_complexe
seue,,,,,pseudo_court_complexe
seus,,,,,pseudo_court_complexe
seux,,,,,pseudo_court_complexe
sonu,,,,,pseudo_court_complexe
sore,,,,,pseudo_court_complexe
surt,,,,,pseudo_court_complexe
suse,,,,,pseudo_court_complexe
susé,,,,,pseudo_court_complexe
suté,,,,,pseudo_court_complexe
suts,,,,,pseudo_court_complexe
tali,,,,,pseudo_court_complexe
tals,,,,,pseudo_court_complexe
tanu,,,,,pseudo_court_complexe
tase,,,,,pseudo_court_complexe
tasé,,,,,pseudo_court_complexe
taté,,,,,pseudo_court_complexe
tats,,,,,pseudo_court_complexe
toli,,,,,pseudo_court_complexe
tols,,,,,pseudo_court_complexe
tont,,,,,pseudo_court_complexe
tonu,,,,,pseudo_court_complexe
tori,,,,,pseudo_court_complexe
vecs,,,,,pseudo_court_complexe
vécs,,,,,pseudo_court_complexe
vecu,,,,,pseudo_court_complexe
vées,,,,,pseudo_court_complexe
veli,,,,,pseudo_court_complexe
vels,,,,,pseudo_court_complexe
vens,,,,,pseudo_court_complexe
veue,,,,,pseudo_court_complexe
veus,,,,,pseudo_court_complexe
vité,,,,,pseudo_court_complexe
vivé,,,,,pseudo_court_complexe
yecs,,,,,pseudo_court_complexe
yecu,,,,,pseudo_court_complexe
yeli,,,,,pseudo_court_complexe
yels,,,,,pseudo_court_complexe
yent,,,,,pseudo_court_complexe
yeue,,,,,pseudo_court_complexe
yeus,,,,,pseudo_court_complexe
ailif,,,,,pseudo_court_complexe
ailin,,,,,pseudo_court_complexe
ailit,,,,,pseudo_court_complexe
ainal,,,,,pseudo_court_complexe
ainté,,,,,pseudo_court_complexe
aints,,,,,pseudo_court_complexe
belet,,,,,pseudo_court_complexe
belif,,,,,pseudo_court_complexe
belin,,,,,pseudo_court_complexe
bemes,,,,,pseudo_court_complexe
bemet,,,,,pseudo_court_complexe
bevol,,,,,pseudo_court_complexe
bevui,,,,,pseudo_court_complexe
bevur,,,,,pseudo_court_complexe
bevus,,,,,pseudo_court_complexe
chage,,,,,pseudo_court_complexe
chaté,,,,,pseudo_court_complexe
choue,,,,,pseudo_court_complexe
choui,,,,,pseudo_court_complexe
chous,,,,,pseudo_court_complexe
clour,,,,,pseudo_court_complexe
cloux,,,,,pseudo_court_complexe
enfif,,,,,pseudo_court_complexe
enfit,,,,,pseudo_court_complexe
enfue,,,,,pseudo_court_complexe
enfur,,,,,pseudo_court_complexe
enfus,,,,,pseudo_court_complexe
enfux,,,,,pseudo_court_complexe
envue,,,,,pseudo_court_complexe
envui,,,,,pseudo_court_complexe
envur,,,,,pseudo_court_complexe
envus,,,,,pseudo_court_complexe
envux,,,,,pseudo_court_complexe
filit,,,,,pseudo_court_complexe
fints,,,,,pseudo_court_complexe
gaier,,,,,pseudo_court_complexe
gaits,,,,,pseudo_court_complexe
galer,,,,,pseudo_court_complexe
galif,,,,,pseudo_court_complexe
galin,,,,,pseudo_court_complexe
gruer,,,,,pseudo_court_complexe
gruet,,,,,pseudo_court_complexe
hâtin,,,,,pseudo_court_complexe
impue,,,,,pseudo_court_complexe
impui,,,,,pseudo_court_complexe
impus,,,,,pseudo_court_complexe
impux,,,,,pseudo_court_complexe
maier,,,,,pseudo_court_complexe
maiet,,,,,pseudo_court_complexe
maits,,,,,pseudo_court_complexe
malif,,,,,pseudo_court_complexe
masal,,,,,pseudo_court_complexe
mueur,,,,,pseudo_court_complexe
mueux,,,,,pseudo_court_complexe
naies,,,,,pseudo_court_complexe
naiet,,,,,pseudo_court_complexe
naits,,,,,pseudo_court_complexe
nales,,,,,pseudo_court_complexe
paiet,,,,,pseudo_court_complexe
paits,,,,,pseudo_court_complexe
palif,,,,,pseudo_court_complexe
pasal,,,,,pseudo_court_complexe
ponal,,,,,pseudo_court_complexe
pouer,,,,,pseudo_court_complexe
poues,,,,,pseudo_court_complexe
pouet,,,,,pseudo_court_complexe
rains,,,,,pseudo_court_complexe
rales,,,,,pseudo_court_complexe
ralin,,,,,pseudo_court_complexe
ralle,,,,,pseudo_court_complexe
reier,,,,,pseudo_court_complexe
reies,,,,,pseudo_court_complexe
reiet,,,,,pseudo_court_complexe
reits,,,,,pseudo_court_complexe
reles,,,,,pseudo_court_complexe
relif,,,,,pseudo_court_complexe
relin,,,,,pseudo_court_complexe
relle,,,,,pseudo_court_complexe
remer,,,,,pseudo_court_complexe
remes,,,,,pseudo_court_complexe
revol,,,,,pseudo_court_complexe
revui,,,,,pseudo_court_complexe
revur,,,,,pseudo_court_complexe
revux,,,,,pseudo_court_complexe
ronal,,,,,pseudo_court_complexe
ronts,,,,,pseudo_court_complexe
skiet,,,,,pseudo_court_complexe
skité,,,,,pseudo_court_complexe
skits,,,,,pseudo_court_complexe
têter,,,,,pseudo_court_complexe
têtif,,,,,pseudo_court_complexe
têtin,,,,,pseudo_court_complexe
têtit,,,,,pseudo_court_complexe
tueue,,,,,pseudo_court_complexe
tueui,,,,,pseudo_court_complexe
tueus,,,,,pseudo_court_complexe
tueux,,,,,pseudo_court_complexe
tural,,,,,pseudo_court_complexe
usaté,,,,,pseudo_court_complexe
usats,,,,,pseudo_court_complexe
bartel,,,,,pseudo_court_complexe
bartes,,,,,pseudo_court_complexe
bottel,,,,,pseudo_court_complexe
carils,,,,,pseudo_court_complexe
doirée,,,,,pseudo_court_complexe
fleuds,,,,,pseudo_court_complexe
jourvu,,,,,pseudo_court_complexe
mormal,,,,,pseudo_court_complexe
noeurs,,,,,pseudo_court_complexe
nortel,,,,,pseudo_court_complexe
nortes,,,,,pseudo_court_complexe
poueur,,,,,pseudo_court_complexe
soigts,,,,,pseudo_court_complexe
boudron,,,,,pseudo_long_simple
bourage,,,,,pseudo_long_simple
bouvoie,,,,,pseudo_long_simple
chapent,,,,,pseudo_long_simple
constal,,,,,pseudo_long_simple
coudron,,,,,pseudo_long_simple
courbon,,,,,pseudo_long_simple
couvoie,,,,,pseudo_long_simple
gourage,,,,,pseudo_long_simple
gourbon,,,,,pseudo_long_simple
gouvoie,,,,,pseudo_long_simple
greille,,,,,pseudo_long_simple
hôpitat,,,,,pseudo_long_simple
orenade,,,,,pseudo_long_simple
serpeau,,,,,pseudo_long_simple
voudron,,,,,pseudo_long_simple
vourage,,,,,pseudo_long_simple
vourbon,,,,,pseudo_long_simple
absiette,,,,,pseudo_long_simple
absietti,,,,,pseudo_long_simple
agrisson,,,,,pseudo_long_simple
amalange,,,,,pseudo_long_simple
assietti,,,,,pseudo_long_simple
assinthe,,,,,pseudo_long_simple
carruque,,,,,pseudo_long_simple
chalange,,,,,pseudo_long_simple
chalgame,,,,,pseudo_long_simple
chocoeur,,,,,pseudo_long_simple
confette,,,,,pseudo_long_simple
courmand,,,,,pseudo_long_simple
courmant,,,,,pseudo_long_simple
couvette,,,,,pseudo_long_simple
couvetti,,,,,pseudo_long_simple
creverte,,,,,pseudo_long_simple
crevetti,,,,,pseudo_long_simple
elephand,,,,,pseudo_long_simple
gourmant,,,,,pseudo_long_simple
gouverte,,,,,pseudo_long_simple
gouvette,,,,,pseudo_long_simple
héricole,,,,,pseudo_long_simple
perrosse,,,,,pseudo_long_simple
phalgame,,,,,pseudo_long_simple
phapitre,,,,,pseudo_long_simple
rancolat,,,,,pseudo_long_simple
acquessus,,,,,pseudo_long_simple
acquestal,,,,,pseudo_long_simple
acquestre,,,,,pseudo_long_simple
acquieste,,,,,pseudo_long_simple
aubellite,,,,,pseudo_long_simple
aubellule,,,,,pseudo_long_simple
bourgerou,,,,,pseudo_long_simple
boussière,,,,,pseudo_long_simple
consenlit,,,,,pseudo_long_simple
crocessus,,,,,pseudo_long_simple
crocestal,,,,,pseudo_long_simple
crocestre,,,,,pseudo_long_simple
dingembre,,,,,pseudo_long_simple
dingouron,,,,,pseudo_long_simple
dingourou,,,,,pseudo_long_simple
dingouste,,,,,pseudo_long_simple
dinoscope,,,,,pseudo_long_simple
gingouron,,,,,pseudo_long_simple
gingourou,,,,,pseudo_long_simple
gingouste,,,,,pseudo_long_simple
ginosaure,,,,,pseudo_long_simple
ginoscope,,,,,pseudo_long_simple
horosaure,,,,,pseudo_long_simple
hurricite,,,,,pseudo_long_simple
kangembre,,,,,pseudo_long_simple
kangouron,,,,,pseudo_long_simple
kangouste,,,,,pseudo_long_simple
kanifesça,,,,,pseudo_long_simple
kanifeste,,,,,pseudo_long_simple
langembre,,,,,pseudo_long_simple
langouron,,,,,pseudo_long_simple
langourou,,,,,pseudo_long_simple
lanifesça,,,,,pseudo_long_simple
lanifeste,,,,,pseudo_long_simple
libellite,,,,,pseudo_long_simple
libergine,,,,,pseudo_long_simple
mangembre,,,,,pseudo_long_simple
mangouron,,,,,pseudo_long_simple
mangourou,,,,,pseudo_long_simple
manifesça,,,,,pseudo_long_simple
orchessus,,,,,pseudo_long_simple
orchestal,,,,,pseudo_long_simple
piédessus,,,,,pseudo_long_simple
piédestre,,,,,pseudo_long_simple
pissensus,,,,,pseudo_long_simple
pourgeron,,,,,pseudo_long_simple
pourgerou,,,,,pseudo_long_simple
pourgogne,,,,,pseudo_long_simple
procestal,,,,,pseudo_long_simple
procestre,,,,,pseudo_long_simple
procodile,,,,,pseudo_long_simple
satellule,,,,,pseudo_long_simple
séquessus,,,,,pseudo_long_simple
séquestal,,,,,pseudo_long_simple
séquiesça,,,,,pseudo_long_simple
séquieste,,,,,pseudo_long_simple
sollicane,,,,,pseudo_long_simple
justial,,,,,pseudo_long_complex
étoilet,,,,,pseudo_long_complex
billons,,,,,pseudo_long_complex
baladie,,,,,pseudo_long_complex
spatice,,,,,pseudo_long_complex
mallons,,,,,pseudo_long_complex
défonnu,,,,,pseudo_long_complex
tortail,,,,,pseudo_long_complex
billeau,,,,,pseudo_long_complex
inconce,,,,,pseudo_long_complex
portues,,,,,pseudo_long_complex
balleau,,,,,pseudo_long_complex
mallets,,,,,pseudo_long_complex
roulets,,,,,pseudo_long_complex
malleau,,,,,pseudo_long_complex
instagne,,,,,pseudo_long_complex
sécision,,,,,pseudo_long_complex
vrançais,,,,,pseudo_long_complex
sucetons,,,,,pseudo_long_complex
uniffres,,,,,pseudo_long_complex
fraiment,,,,,pseudo_long_complex
chiforme,,,,,pseudo_long_complex
céréalet,,,,,pseudo_long_complex
chevales,,,,,pseudo_long_complex
décurité,,,,,pseudo_long_complex
montable,,,,,pseudo_long_complex
contrance,,,,,pseudo_long_complex
inforrent,,,,,pseudo_long_complex
incortune,,,,,pseudo_long_complex
contiment,,,,,pseudo_long_complex
sentraire,,,,,pseudo_long_complex
bournevis,,,,,pseudo_long_complex
bournesol,,,,,pseudo_long_complex
assuraire,,,,,pseudo_long_complex
récompose,,,,,pseudo_long_complex
touteille,,,,,pseudo_long_complex
déconfort,,,,,pseudo_long_complex
déconford,,,,,pseudo_long_complex
désaccort,,,,,pseudo_long_complex
décorrent,,,,,pseudo_long_complex
incouvert,,,,,pseudo_long_complex
recompoir,,,,,pseudo_long_complex
incompose,,,,,pseudo_long_complex
sentrance,,,,,pseudo_long_complex
incorrent,,,,,pseudo_long_complex
inconford,,,,,pseudo_long_complex
désespose,,,,,pseudo_long_complex
récompoir,,,,,pseudo_long_complex
différect,,,,,pseudo_long_complex
récouvert,,,,,pseudo_long_complex
récorrent,,,,,pseudo_long_complex
réconford,,,,,pseudo_long_complex
recorrect,,,,,pseudo_long_complex
décortune,,,,,pseudo_long_complex
décorrect,,,,,pseudo_long_complex
récortune,,,,,pseudo_long_complex
recortune,,,,,pseudo_long_complex
reconford,,,,,pseudo_long_complex
décompoir,,,,,pseudo_long_complex
reconfort,,,,,pseudo_long_complex
inforrect,,,,,pseudo_long_complex
incompoir,,,,,pseudo_long_complex
recorrent,,,,,pseudo_long_complex
