Numéro,Mot,Cat.Gram,Fréquence,numbre de lettres,structure morpho,Condition,Nombre de lettres,orthographic neighborhood,Unnamed: 4,Numéro.1,Mot.1,Nombre de lettres.1,orthographic neighborhood.1
1,oeuf,N,3.45,4.0,0-1-0,réel_basse_court_simple,,,,,,,
2,boue,N,3.9,4.0,0-1-0,réel_basse_court_simple,,,,,,,
3,,N,2.97,4.0,0-1-0,réel_basse_court_simple,,,,,,,
4,chic,adj,3.99,4.0,0-1-0,réel_basse_court_simple,,,,,,,
5,cire,N,3.79,4.0,0-1-0,réel_basse_court_simple,,,,,,,
6,scie,N,3.62,4.0,0-1-0,réel_basse_court_simple,,,,,,,
7,nage,N,3.79,4.0,0-1-0,réel_basse_court_simple,,,,,,,
8,orge,N,3.64,4.0,0-1-0,réel_basse_court_simple,,,,,,,
9,pneu,N,3.6,4.0,0-1-0,réel_basse_court_simple,,,,,,,
10,poux,N,3.36,4.0,0-1-0,réel_basse_court_simple,,,,,,,
11,rame,N,3.63,4.0,0-1-0,réel_basse_court_simple,,,,,,,
12,sève,N,3.23,4.0,0-1-0,réel_basse_court_simple,,,,,,,
13,vase,N,3.77,4.0,0-1-0,réel_basse_court_simple,,,,,,,
14,veau,N,3.68,4.0,0-1-0,réel_basse_court_simple,,,,,,,
15,char,N,3.98,4.0,0-1-0,réel_basse_court_simple,,,,,,,
1,ancre,N,3.56,5.0,0-1-0,réel_basse_court_simple,,,,,,,
2,bague,N,3.99,5.0,0-1-0,réel_basse_court_simple,,,,,,,
3,bribe,N,29.50819672,5.0,0-1-0,réel_basse_court_simple,,,,,,,
4,canne,N,3.8,5.0,0-1-0,réel_basse_court_simple,,,,,,,
5,clown,N,3.83,5.0,0-1-0,réel_basse_court_simple,,,,,,,
6,hache,N,3.69,5.0,0-1-0,réel_basse_court_simple,,,,,,,
7,heure,N,34.19203747,5.0,0-1-0,réel_basse_court_simple,,,,,,,
8,hibou,N,3.23,5.0,0-1-0,réel_basse_court_simple,,,,,,,
9,hiver,N,32.31850117,5.0,0-1-0,réel_basse_court_simple,,,,,,,
10,honte,N,30.44496487,5.0,0-1-0,réel_basse_court_simple,,,,,,,
11,moule,N,3.79,5.0,0-1-0,réel_basse_court_simple,,,,,,,
12,poêle,N,3.62,5.0,0-1-0,réel_basse_court_simple,,,,,,,
13,prune,N,25.52693208,5.0,0-1-0,réel_basse_court_simple,,,,,,,
14,sucre,N,36.53395785,5.0,0-1-0,réel_basse_court_simple,,,,,,,
15,sympa,adj,6.791569087,5.0,0-1-0,réel_basse_court_simple,,,,,,,
1,cerise,N,3.69,6.0,0-1-0,réel_basse_court_simple,,,,,,,
2,citron,N,3.88,6.0,0-1-0,réel_basse_court_simple,,,,,,,
3,ananas,N,3.62,6.0,0-1-0,réel_basse_court_simple,,,,,,,
4,râteau,N,2.96,6.0,0-1-0,réel_basse_court_simple,,,,,,,
5,mouton,N,3.92,6.0,0-1-0,réel_basse_court_simple,,,,,,,
6,orange,N/adj,4.6,6.0,0-1-0,réel_basse_court_simple,,,,,,,
7,crayon,N,3.84,6.0,0-1-0,réel_basse_court_simple,,,,,,,
8,valise,N,3.99,6.0,0-1-0,réel_basse_court_simple,,,,,,,
9,balais,N,3.36,6.0,0-1-0,réel_basse_court_simple,,,,,,,
10,raisin,N,3.68,6.0,0-1-0,réel_basse_court_simple,,,,,,,
11,girafe,N,3.14,6.0,0-1-0,réel_basse_court_simple,,,,,,,
12,hagard,adj,2.41,6.0,0-1-0,réel_basse_court_simple,,,,,,,
13,asthme,N,29.03981265,6.0,0-1-0,réel_basse_court_simple,,,,,,,
14,méduse,N,3.14,6.0,0-1-0,réel_basse_court_simple,,,,,,,
15,cortex,N,3.42,6.0,0-1-0,réel_basse_court_simple,,,,,,,
1,rats,N,3.9,4.0,0-1-1,réel_basse_court_complexe,,,,,,,
2,lits,N,3.95,4.0,0-1-1,réel_basse_court_complexe,,,,,,,
3,bols,N,3.05,4.0,0-1-1,réel_basse_court_complexe,,,,,,,
4,fées,N,3.7,4.0,0-1-1,réel_basse_court_complexe,,,,,,,
5,buée,N,2.76,4.0,0-1-1,réel_basse_court_complexe,,,,,,,
6,futé,adj,3.18,4.0,0-1-1,réel_basse_court_complexe,,,,,,,
7,sure,adj,3.89,4.0,0-1-1,réel_basse_court_complexe,,,,,,,
8,sali,V,3.02,4.0,0-1-1,réel_basse_court_complexe,,,,,,,
9,moue,N,0.05,4.0,0-1-1,réel_basse_court_complexe,,,,,,,
10,rusé,Adj,3.07,4.0,0-1-1,réel_basse_court_complexe,,,,,,,
11,frie,V,2.45,4.0,0-1-1,réel_basse_court_complexe,,,,,,,
12,sels,N,3.45,4.0,0-1-1,réel_basse_court_complexe,,,,,,,
13,secs,adj,3.76,4.0,0-1-1,réel_basse_court_complexe,,,,,,,
14,ruée,N,3.17,4.0,0-1-1,réel_basse_court_complexe,,,,,,,
15,mûri,V,2.91,4.0,0-1-1,réel_basse_court_complexe,,,,,,,
1,choux,N/adj,3.68,5.0,0-1-1,réel_basse_court_complexe,,,,,,,
2,reins,N,3.77,5.0,0-1-1,réel_basse_court_complexe,,,,,,,
3,pains,N,3.72,5.0,0-1-1,réel_basse_court_complexe,,,,,,,
4,grues,N,3.17,5.0,0-1-1,réel_basse_court_complexe,,,,,,,
5,raies,N,3.2,5.0,0-1-1,réel_basse_court_complexe,,,,,,,
6,clous,N,3.65,5.0,0-1-1,réel_basse_court_complexe,,,,,,,
7,skier,V,3.11,5.0,0-1-1,réel_basse_court_complexe,,,,,,,
8,hâtif,adj,2.63,5.0,0-1-1,réel_basse_court_complexe,,,,,,,
9,nasal,adj,2.78,5.0,0-1-1,réel_basse_court_complexe,,,,,,,
10,gaité,N,2.55,5.0,0-1-1,réel_basse_court_complexe,,,,,,,
11,mural,adj,2.86,5.0,0-1-1,réel_basse_court_complexe,,,,,,,
12,envol,N,3.44,5.0,0-1-1,réel_basse_court_complexe,,,,,,,
13,impur,adj,3.02,5.0,0-1-1,réel_basse_court_complexe,,,,,,,
14,relit,V,2.64,5.0,0-1-1,réel_basse_court_complexe,,,,,,,
15,enfui,V,3.12,5.0,0-1-1,réel_basse_court_complexe,,,,,,,
1,noeuds,N,3.26,6.0,0-1-1,réel_basse_court_complexe,,,,,,,
2,barils,N,3.32,6.0,0-1-1,réel_basse_court_complexe,,,,,,,
3,galets,N,3.3,6.0,0-1-1,réel_basse_court_complexe,,,,,,,
4,bûches,N,2.86,6.0,0-1-1,réel_basse_court_complexe,,,,,,,
5,gommes,N,2.83,6.0,0-1-1,réel_basse_court_complexe,,,,,,,
6,figues,N,3.07,6.0,0-1-1,réel_basse_court_complexe,,,,,,,
7,bulles,N,3.78,6.0,0-1-1,réel_basse_court_complexe,,,,,,,
8,mortel,Adj,3.93,6.0,0-1-1,réel_basse_court_complexe,,,,,,,
9,postal,adj,3.58,6.0,0-1-1,réel_basse_court_complexe,,,,,,,
10,dégoût,N,3.59,6.0,1-1-0,réel_basse_court_complexe,,,,,,,
11,inapte,Adj,2.98,6.0,1-1-0,réel_basse_court_complexe,,,,,,,
12,détour,N,3.91,6.0,1-1-0,réel_basse_court_complexe,,,,,,,
13,irréel,Adj,3.09,6.0,1-1-0,réel_basse_court_complexe,,,,,,,
14,surnom,N,3.95,6.0,1-1-0,réel_basse_court_complexe,,,,,,,
15,pourvu,V,3.85,6.0,0-1-1,réel_basse_court_complexe,,,,,,,
1,amphore,N,2.47,7.0,0-1-0,réel_basse_long_simple,,,,,,,
2,cadenas,N,3.39,7.0,0-1-0,réel_basse_long_simple,,,,,,,
3,grenade,N,3.9,7.0,0-1-0,réel_basse_long_simple,,,,,,,
4,écharpe,N,3.61,7.0,0-1-0,réel_basse_long_simple,,,,,,,
5,briquet,N,3.33,7.0,0-1-0,réel_basse_long_simple,,,,,,,
6,chameau,N,3.32,7.0,0-1-0,réel_basse_long_simple,,,,,,,
7,tambour,N,3.65,7.0,0-1-0,réel_basse_long_simple,,,,,,,
8,robinet,N,3.75,7.0,0-1-0,réel_basse_long_simple,,,,,,,
9,hôpital,N,30.09367681,7.0,0-1-0,réel_basse_long_simple,,,,,,,
10,horizon,N,29.27400468,7.0,0-1-0,réel_basse_long_simple,,,,,,,
11,murmure,N/V,25.76112412,7.0,0-1-0,réel_basse_long_simple,,,,,,,
12,puberté,N,24.12177986,7.0,0-1-0,réel_basse_long_simple,,,,,,,
13,muscade,N,24.82435597,7.0,0-1-0,réel_basse_long_simple,,,,,,,
14,vouvoie,V,26.58079625,7.0,0-1-0,réel_basse_long_simple,,,,,,,
15,courage,N,30.67915691,7.0,0-1-0,réel_basse_long_simple,,,,,,,
1,papillon,N,3.89,8.0,0-1-0,réel_basse_long_simple,,,,,,,
2,hérisson,N,3.16,8.0,0-1-0,réel_basse_long_simple,,,,,,,
3,pingouin,N,3.2,8.0,0-1-0,réel_basse_long_simple,,,,,,,
4,elephant,N,4.27,8.0,0-1-0,réel_basse_long_simple,,,,,,,
5,aiguille,N,3.9,8.0,0-1-0,réel_basse_long_simple,,,,,,,
6,pyramide,N,21.77985948,8.0,0-1-0,réel_basse_long_simple,,,,,,,
7,couverte,adj,23.30210773,8.0,0-1-0,réel_basse_long_simple,,,,,,,
8,carrosse,N,21.31147541,8.0,0-1-0,réel_basse_long_simple,,,,,,,
9,crevette,N,19.67213115,8.0,0-1-0,réel_basse_long_simple,,,,,,,
10,rancoeur,N,18.96955504,8.0,0-1-0,réel_basse_long_simple,,,,,,,
11,chapitre,N,19.90632319,8.0,0-1-0,réel_basse_long_simple,,,,,,,
12,prouesse,N,27.16627635,8.0,0-1-0,réel_basse_long_simple,,,,,,,
13,absinthe,N,19.43793911,8.0,0-1-0,réel_basse_long_simple,,,,,,,
14,atteinte,N,18.735363,8.0,0-1-0,réel_basse_long_simple,,,,,,,
15,prothèse,N,29.74238876,8.0,0-1-0,réel_basse_long_simple,,,,,,,
1,aubergine,N,2.91,9.0,0-1-0,réel_basse_long_simple,,,,,,,
2,kangourou,N,3.08,9.0,0-1-0,réel_basse_long_simple,,,,,,,
3,horoscope,N,27.40046838,9.0,0-1-0,réel_basse_long_simple,,,,,,,
4,hurricane,N,22.24824356,9.0,0-1-0,réel_basse_long_simple,,,,,,,
5,crocodile,N,18.03278689,9.0,0-1-0,réel_basse_long_simple,,,,,,,
6,chirurgie,N,17.79859485,9.0,0-1-0,réel_basse_long_simple,,,,,,,
7,orchestre,N,17.56440281,9.0,0-1-0,réel_basse_long_simple,,,,,,,
8,cacahuète,N,17.33021077,9.0,0-1-0,réel_basse_long_simple,,,,,,,
9,langouste,N,15.45667447,9.0,0-1-0,réel_basse_long_simple,,,,,,,
10,pharmacie,N,14.28571429,9.0,0-1-0,réel_basse_long_simple,,,,,,,
11,avalanche,N,14.05152225,9.0,0-1-0,réel_basse_long_simple,,,,,,,
12,libellule,N,13.23185012,9.0,0-1-0,réel_basse_long_simple,,,,,,,
13,satellite,N,13.23185012,9.0,0-1-0,réel_basse_long_simple,,,,,,,
14,dinosaure,N,12.41217799,9.0,0-1-0,réel_basse_long_simple,,,,,,,
15,cauchemar,N,7.259953162,9.0,0-1-0,réel_basse_long_simple,,,,,,,
1,rouleau,N,3.77,7.0,0-1-1,réel_basse_long_complexe,,,,,,,
2,sifflet,N,3.39,7.0,0-1-1,réel_basse_long_complexe,,,,,,,
3,amandes,N,3.37,7.0,0-1-1,réel_basse_long_complexe,,,,,,,
4,flèches,N,3.72,7.0,0-1-1,réel_basse_long_complexe,,,,,,,
5,bougies,N,3.75,7.0,0-1-1,réel_basse_long_complexe,,,,,,,
6,ballons,N,3.82,7.0,0-1-1,réel_basse_long_complexe,,,,,,,
7,briques,N,3.86,7.0,0-1-1,réel_basse_long_complexe,,,,,,,
8,indigne,Adj,3.79,7.0,1-1-0,réel_basse_long_complexe,,,,,,,
9,imprévu,adj,3.35,7.0,1-1-0,réel_basse_long_complexe,,,,,,,
10,défonce,V,3.41,7.0,1-1-0,réel_basse_long_complexe,,,,,,,
11,coopère,V,2.86,7.0,1-1-0,réel_basse_long_complexe,,,,,,,
12,orbital,Adj,2.84,7.0,0-1-1,réel_basse_long_complexe,,,,,,,
13,tortues,N,3.55,7.0,0-1-1,réel_basse_long_complexe,,,,,,,
14,spatial,adj,3.79,7.0,0-1-1,réel_basse_long_complexe,,,,,,,
15,rocheux,adj,3.21,7.0,0-1-1,réel_basse_long_complexe,,,,,,,
1,cerveaux,N,3.61,8.0,0-1-1,réel_basse_long_complexe,,,,,,,
2,bouchons,N,3.73,8.0,0-1-1,réel_basse_long_complexe,,,,,,,
3,berceau,N,3.78,8.0,0-1-1,réel_basse_long_complexe,,,,,,,
4,canetons,N,2.23,8.0,0-1-1,réel_basse_long_complexe,,,,,,,
5,chevalet,N,2.98,8.0,0-1-1,réel_basse_long_complexe,,,,,,,
6,passoire,N,2.99,8.0,0-1-1,réel_basse_long_complexe,,,,,,,
7,sucettes,N,2.79,8.0,0-1-1,réel_basse_long_complexe,,,,,,,
8,immobile,adj,3.53,8.0,1-1-0,réel_basse_long_complexe,,,,,,,
9,instable,adj,3.71,8.0,1-1-0,réel_basse_long_complexe,,,,,,,
10,infidèle,adj,3.43,8.0,1-1-0,réel_basse_long_complexe,,,,,,,
11,désordre,N,3.83,8.0,1-1-0,réel_basse_long_complexe,,,,,,,
12,recourir,V,3.8,8.0,1-1-0,réel_basse_long_complexe,,,,,,,
13,déplaire,V,3.28,8.0,1-1-0,réel_basse_long_complexe,,,,,,,
14,surpasse,V,3.24,8.0,1-1-0,réel_basse_long_complexe,,,,,,,
15,envoient,V,3.87,8.0,0-1-1,réel_basse_long_complexe,,,,,,,
1,allumette,N,2.84,9.0,0-1-1,réel_basse_long_complexe,,,,,,,
2,tournevis,N,3.18,9.0,1-1-0,réel_basse_long_complexe,,,,,,,
3,parapluie,N,3.52,9.0,1-1-0,réel_basse_long_complexe,,,,,,,
4,bracelets,N,3.6,9.0,0-1-1,réel_basse_long_complexe,,,,,,,
5,baguettes,N,3.41,9.0,0-1-1,réel_basse_long_complexe,,,,,,,
6,tournesol,N,3.25,9.0,1-1-0,réel_basse_long_complexe,,,,,,,
7,disquette,N,2.98,9.0,0-1-1,réel_basse_long_complexe,,,,,,,
8,désespoir,N,3.89,9.0,1-1-0,réel_basse_long_complexe,,,,,,,
9,indiscret,adj,3.11,9.0,1-1-0,réel_basse_long_complexe,,,,,,,
10,réconfort,N,3.52,9.0,1-1-0,réel_basse_long_complexe,,,,,,,
11,recouvert,V,3.74,9.0,1-1-0,réel_basse_long_complexe,,,,,,,
12,désaccord,N,3.88,9.0,1-1-0,réel_basse_long_complexe,,,,,,,
13,incorrect,Adj,3.13,9.0,1-1-0,réel_basse_long_complexe,,,,,,,
14,décompose,V,3.25,9.0,1-1-0,réel_basse_long_complexe,,,,,,,
15,infortune,N,2.86,9.0,1-1-0,réel_basse_long_complexe,,,,,,,
1,lait,N,4.61,4.0,0-1-0,réel_haute_court_simple,,,,,,,
2,pont,N,4.76,4.0,0-1-0,réel_haute_court_simple,,,,,,,
3,nuit,N,5.38,4.0,0-1-0,réel_haute_court_simple,,,,,,,
4,bain,N,4.55,4.0,0-1-0,réel_haute_court_simple,,,,,,,
5,café,N,4.76,4.0,0-1-0,réel_haute_court_simple,,,,,,,
6,banc,N,4.22,4.0,0-1-0,réel_haute_court_simple,,,,,,,
7,vent,N,4.8,4.0,0-1-0,réel_haute_court_simple,,,,,,,
8,miel,N,4.15,4.0,0-1-0,réel_haute_court_simple,,,,,,,
9,lave,N,4.07,4.0,0-1-0,réel_haute_court_simple,,,,,,,
10,loup,N,4.36,4.0,0-1-0,réel_haute_court_simple,,,,,,,
11,clef,N,4.06,4.0,0-1-0,réel_haute_court_simple,,,,,,,
12,épée,N,4.2,4.0,0-1-0,réel_haute_court_simple,,,,,,,
13,robe,N,4.59,4.0,0-1-0,réel_haute_court_simple,,,,,,,
14,four,N,4.26,4.0,0-1-0,réel_haute_court_simple,,,,,,,
15,moto,N,4.31,4.0,0-1-0,réel_haute_court_simple,,,,,,,
1,piano,N,4.26,5.0,0-1-0,réel_haute_court_simple,,,,,,,
2,radio,N,4.92,5.0,0-1-0,réel_haute_court_simple,,,,,,,
3,poule,N,4.21,5.0,0-1-0,réel_haute_court_simple,,,,,,,
4,lampe,N,4.04,5.0,0-1-0,réel_haute_court_simple,,,,,,,
5,coeur,N,4.99,5.0,0-1-0,réel_haute_court_simple,,,,,,,
6,règle,N,4.72,5.0,0-1-0,réel_haute_court_simple,,,,,,,
7,glace,N,4.63,5.0,0-1-0,réel_haute_court_simple,,,,,,,
8,voici,adv,99.06323185,5.0,0-1-0,réel_haute_court_simple,,,,,,,
9,voilà,adv,98.82903981,5.0,0-1-0,réel_haute_court_simple,,,,,,,
10,sinon,conjunction/adv,79.62529274,5.0,0-1-0,réel_haute_court_simple,,,,,,,
11,ainsi,adv,78.92271663,5.0,0-1-0,réel_haute_court_simple,,,,,,,
12,grâce,N/preposition,70.72599532,5.0,0-1-0,réel_haute_court_simple,,,,,,,
13,local,Adj/N,4.66,5.0,0-1-0,réel_haute_court_simple,,,,,,,
14,aussi,Adv/conjunction,6.19,5.0,0-1-0,réel_haute_court_simple,,,,,,,
15,avant,prep/adv,5.92,5.0,0-1-0,réel_haute_court_simple,,,,,,,
1,camion,N,4.27,6.0,0-1-0,réel_haute_court_simple,,,,,,,
2,salade,N,4.05,6.0,0-1-0,réel_haute_court_simple,,,,,,,
3,soleil,N,5.03,6.0,0-1-0,réel_haute_court_simple,,,,,,,
4,maison,N,5.53,6.0,0-1-0,réel_haute_court_simple,,,,,,,
5,cloche,N,4.0,6.0,0-1-0,réel_haute_court_simple,,,,,,,
6,langue,N,5.12,6.0,0-1-0,réel_haute_court_simple,,,,,,,
7,oiseau,N,4.31,6.0,0-1-0,réel_haute_court_simple,,,,,,,
8,bateau,N,4.61,6.0,0-1-0,réel_haute_court_simple,,,,,,,
9,volant,N,4.31,6.0,0-1-0,réel_haute_court_simple,,,,,,,
10,casque,N,4.26,6.0,0-1-0,réel_haute_court_simple,,,,,,,
11,jamais,adv,90.39812646,6.0,0-1-0,réel_haute_court_simple,,,,,,,
12,gloire,N,87.35362998,6.0,0-1-0,réel_haute_court_simple,,,,,,,
13,pilule,N,82.20140515,6.0,0-1-0,réel_haute_court_simple,,,,,,,
14,alerte,N/Adj,77.75175644,6.0,0-1-0,réel_haute_court_simple,,,,,,,
15,sombre,Adj ,70.96018735,6.0,0-1-0,réel_haute_court_simple,,,,,,,
1,yeux,N,5.31,4.0,0-1-1,réel_haute_court_complexe,,,,,,,
2,rois,N,4.25,4.0,0-1-1,réel_haute_court_complexe,,,,,,,
3,pris,V,5.44,4.0,0-1-1,réel_haute_court_complexe,,,,,,,
4,venu,V,4.81,4.0,0-1-1,réel_haute_court_complexe,,,,,,,
5,dors,V,4.09,4.0,0-1-1,réel_haute_court_complexe,,,,,,,
6,vécu,V,4.67,4.0,0-1-1,réel_haute_court_complexe,,,,,,,
7,rêvé,V,4.01,4.0,0-1-1,réel_haute_court_complexe,,,,,,,
8,tant,Adj,5.54,4.0,0-1-1,réel_haute_court_complexe,,,,,,,
9,sort,V,5.05,4.0,0-1-1,réel_haute_court_complexe,,,,,,,
10,sens,N,5.5,4.0,0-1-1,réel_haute_court_complexe,,,,,,,
11,tous,pronoun/adj,6.11,4.0,0-1-1,réel_haute_court_complexe,,,,,,,
12,base,N/Adj,5.3,4.0,0-1-1,réel_haute_court_complexe,,,,,,,
13,vive,Adj,4.58,4.0,0-1-1,réel_haute_court_complexe,,,,,,,
14,bons,Adj,4.95,4.0,0-1-1,réel_haute_court_complexe,,,,,,,
15,mort,Adj,5.64,4.0,0-1-1,réel_haute_court_complexe,,,,,,,
1,têtes,N,4.42,5.0,0-1-1,réel_haute_court_complexe,,,,,,,
2,chats,N,4.27,5.0,0-1-1,réel_haute_court_complexe,,,,,,,
3,ponts,N,4.21,5.0,0-1-1,réel_haute_court_complexe,,,,,,,
4,mains,N,5.04,5.0,0-1-1,réel_haute_court_complexe,,,,,,,
5,ailes,N,4.27,5.0,0-1-1,réel_haute_court_complexe,,,,,,,
6,roues,N,4.22,5.0,0-1-1,réel_haute_court_complexe,,,,,,,
7,belle,Adj,5.31,5.0,0-1-1,réel_haute_court_complexe,,,,,,,
8,final,Adj,4.87,5.0,0-1-1,réel_haute_court_complexe,,,,,,,
9,usage,N/Adj,4.83,5.0,0-1-1,réel_haute_court_complexe,,,,,,,
10,idéal,Adj,4.47,5.0,0-1-1,réel_haute_court_complexe,,,,,,,
11,malin,N,4.15,5.0,0-1-1,réel_haute_court_complexe,,,,,,,
12,tueur,Adj,4.05,5.0,0-1-1,réel_haute_court_complexe,,,,,,,
13,revue,N/Adj,4.72,5.0,0-1-1,réel_haute_court_complexe,,,,,,,
14,enfin,Adv,5.47,5.0,1-1-0,réel_haute_court_complexe,,,,,,,
15,remet,V,4.24,5.0,1-1-0,réel_haute_court_complexe,,,,,,,
1,bottes,N,4.01,6.0,0-1-1,réel_haute_court_complexe,,,,,,,
2,doigts,N,4.58,6.0,0-1-1,réel_haute_court_complexe,,,,,,,
3,avions,N,4.74,6.0,0-1-1,réel_haute_court_complexe,,,,,,,
4,pommes,N,4.21,6.0,0-1-1,réel_haute_court_complexe,,,,,,,
5,livres,N,4.97,6.0,0-1-1,réel_haute_court_complexe,,,,,,,
6,fleurs,N,4.67,6.0,0-1-1,réel_haute_court_complexe,,,,,,,
7,cartes,N,4.67,6.0,0-1-1,réel_haute_court_complexe,,,,,,,
8,normal,Adj,4.9,6.0,0-1-1,réel_haute_court_complexe,,,,,,,
9,soirée,N,5.0,6.0,0-1-1,réel_haute_court_complexe,,,,,,,
10,acteur,N,4.64,6.0,0-1-1,réel_haute_court_complexe,,,,,,,
11,fierté,N,4.21,6.0,0-1-1,réel_haute_court_complexe,,,,,,,
12,joueur,N,4.98,6.0,0-1-1,réel_haute_court_complexe,,,,,,,
13,amitié,N,4.55,6.0,0-1-1,réel_haute_court_complexe,,,,,,,
14,prénom,N,4.48,6.0,1-1-0,réel_haute_court_complexe,,,,,,,
15,survie,N,4.24,6.0,1-1-0,réel_haute_court_complexe,,,,,,,
1,oreille,N,4.39,7.0,0-1-0,réel_haut_long_simple,,,,,,,
2,maillot,N,4.31,7.0,0-1-0,réel_haut_long_simple,,,,,,,
3,guitare,N,4.2,7.0,0-1-0,réel_haut_long_simple,,,,,,,
4,échelle,N,4.64,7.0,0-1-0,réel_haut_long_simple,,,,,,,
5,briquet,N,3.33,7.0,0-1-0,réel_haut_long_simple,,,,,,,
6,chapeau,N,4.36,7.0,0-1-0,réel_haut_long_simple,,,,,,,
7,feuille,N,4.41,7.0,0-1-0,réel_haut_long_simple,,,,,,,
8,collier,N,4.09,7.0,0-1-0,réel_haut_long_simple,,,,,,,
9,serpent,N,4.02,7.0,0-1-0,réel_haut_long_simple,,,,,,,
10,conseil,N,88.05620609,7.0,0-1-0,réel_haut_long_simple,,,,,,,
11,liquide,N/Adj,71.8969555,7.0,0-1-0,réel_haut_long_simple,,,,,,,
12,constat,N,82.43559719,7.0,0-1-0,réel_haut_long_simple,,,,,,,
13,placide,Adj,73.53629977,7.0,0-1-0,réel_haut_long_simple,,,,,,,
14,bourbon,N/Adj,91.10070258,7.0,0-1-0,réel_haut_long_simple,,,,,,,
15,goudron,N,75.17564403,7.0,0-1-0,réel_haut_long_simple,,,,,,,
1,chocolat,N,4.49,8.0,0-1-0,réel_haut_long_simple,,,,,,,
2,assiette,N,4.07,8.0,0-1-0,réel_haut_long_simple,,,,,,,
3,ceinture,N,4.27,8.0,0-1-0,réel_haut_long_simple,,,,,,,
4,perruque,N,94.84777518,8.0,0-1-0,réel_haut_long_simple,,,,,,,
5,phalange,N,90.16393443,8.0,0-1-0,réel_haut_long_simple,,,,,,,
6,agricole,Adj,81.264637,8.0,0-1-0,réel_haut_long_simple,,,,,,,
7,gourmand,Adj/N,71.66276347,8.0,0-1-0,réel_haut_long_simple,,,,,,,
8,angoisse,N,71.19437939,8.0,0-1-0,réel_haut_long_simple,,,,,,,
9,amalgame,N,75.6440281,8.0,0-1-0,réel_haut_long_simple,,,,,,,
10,conquête,N,88.7587822,8.0,0-1-0,réel_haut_long_simple,,,,,,,
11,zodiaque,N,92.97423888,8.0,0-1-0,réel_haut_long_simple,,,,,,,
12,personne,N,93.91100703,8.0,0-1-0,réel_haut_long_simple,,,,,,,
13,confetti,N,96.72131148,8.0,0-1-0,réel_haut_long_simple,,,,,,,
14,immeuble,N,99.29742389,8.0,0-1-0,réel_haut_long_simple,,,,,,,
15,perplexe,Adj,96.48711944,8.0,0-1-0,réel_haut_long_simple,,,,,,,
1,gingembre,N,92.74004684,9.0,0-1-0,réel_haut_long_simple,,,,,,,
2,acquiesça,V,89.22716628,9.0,0-1-0,réel_haut_long_simple,,,,,,,
3,phénomène,N,88.99297424,9.0,0-1-0,réel_haut_long_simple,,,,,,,
4,consensus,N,85.94847775,9.0,0-1-0,réel_haut_long_simple,,,,,,,
5,séquestre,N/Adj,85.48009368,9.0,0-1-0,réel_haut_long_simple,,,,,,,
6,bourgeron,N,84.77751756,9.0,0-1-0,réel_haut_long_simple,,,,,,,
7,piédestal,N,84.54332553,9.0,0-1-0,réel_haut_long_simple,,,,,,,
8,bourgogne,N/Adj,84.30913349,9.0,0-1-0,réel_haut_long_simple,,,,,,,
9,léthargie,N,78.68852459,9.0,0-1-0,réel_haut_long_simple,,,,,,,
10,pissenlit,N,78.22014052,9.0,0-1-0,réel_haut_long_simple,,,,,,,
11,sollicite,V,74.00468384,9.0,0-1-0,réel_haut_long_simple,,,,,,,
12,poussière,N,4.11,9.0,0-1-0,réel_haut_long_simple,,,,,,,
13,manifeste,Adj/N,4.2,9.0,0-1-0,réel_haut_long_simple,,,,,,,
14,préalable,Adj/N,4.14,9.0,0-1-0,réel_haut_long_simple,,,,,,,
15,processus,N,4.79,9.0,0-1-0,réel_haut_long_simple,,,,,,,
1,portail,N,4.14,7.0,0-1-1,réel_haut_long_complexe,,,,,,,
2,étoiles,N,4.59,7.0,0-1-1,réel_haut_long_complexe,,,,,,,
3,légumes,N,4.27,7.0,0-1-1,réel_haut_long_complexe,,,,,,,
4,poignée,N,4.13,7.0,0-1-1,réel_haut_long_complexe,,,,,,,
5,billets,N,4.48,7.0,0-1-1,réel_haut_long_complexe,,,,,,,
6,clients,N,4.83,7.0,0-1-1,réel_haut_long_complexe,,,,,,,
7,naturel,Adj,4.72,7.0,0-1-1,réel_haut_long_complexe,,,,,,,
8,inconnu,Adj,4.38,7.0,1-1-0,réel_haut_long_complexe,,,,,,,
9,illégal,Adj,4.06,7.0,1-1-0,réel_haut_long_complexe,,,,,,,
10,mariage,N,5.05,7.0,0-1-1,réel_haut_long_complexe,,,,,,,
11,liberté,N,5.05,7.0,0-1-1,réel_haut_long_complexe,,,,,,,
12,justice,N,5.12,7.0,0-1-1,réel_haut_long_complexe,,,,,,,
13,artiste,N,4.74,7.0,0-1-1,réel_haut_long_complexe,,,,,,,
14,maladie,N,4.88,7.0,0-1-1,réel_haut_long_complexe,,,,,,,
15,réalité,N,5.04,7.0,0-1-1,réel_haut_long_complexe,,,,,,,
1,insectes,N,4.13,8.0,0-1-1,réel_haut_long_complexe,,,,,,,
2,uniforme,N,4.26,8.0,0-1-1,réel_haut_long_complexe,,,,,,,
3,poissons,N,4.43,8.0,0-1-1,réel_haut_long_complexe,,,,,,,
4,colonnes,N,4.08,8.0,0-1-1,réel_haut_long_complexe,,,,,,,
5,montagne,N,4.62,8.0,0-1-1,réel_haut_long_complexe,,,,,,,
6,céréales,N,4.08,8.0,0-1-1,réel_haut_long_complexe,,,,,,,
7,chiffres,N,4.76,8.0,0-1-1,réel_haut_long_complexe,,,,,,,
8,remarque,N,4.54,8.0,1-1-0,réel_haut_long_complexe,,,,,,,
9,sécurité,N,5.24,8.0,0-1-1,réel_haut_long_complexe,,,,,,,
10,étranger,N,4.86,8.0,0-1-1,réel_haut_long_complexe,,,,,,,
11,décision,N,4.97,8.0,0-1-1,réel_haut_long_complexe,,,,,,,
12,quartier,N,4.93,8.0,0-1-1,réel_haut_long_complexe,,,,,,,
13,deuxième,Adj,5.24,8.0,0-1-1,réel_haut_long_complexe,,,,,,,
14,vraiment,Adv,5.8,8.0,0-1-1,réel_haut_long_complexe,,,,,,,
15,français,Adj/N,5.78,8.0,0-1-1,réel_haut_long_complexe,,,,,,,
1,cigarette,N,4.1,9.0,0-1-1,réel_haut_long_complexe,,,,,,,
2,bouteille,N,4.41,9.0,0-1-1,réel_haut_long_complexe,,,,,,,
3,médailles,N,4.08,9.0,0-1-1,réel_haut_long_complexe,,,,,,,
4,chauffage,N,4.08,9.0,0-1-1,réel_haut_long_complexe,,,,,,,
5,téléphone,N,5.0,9.0,0-1-1,réel_haut_long_complexe,,,,,,,
6,assurance,N,4.74,9.0,0-1-1,réel_haut_long_complexe,,,,,,,
7,éducation,N,4.95,9.0,0-1-1,réel_haut_long_complexe,,,,,,,
8,découvert,Adj/N,4.72,9.0,0-1-1,réel_haut_long_complexe,,,,,,,
9,sentiment,N,4.7,9.0,0-1-1,réel_haut_long_complexe,,,,,,,
10,seulement,Adv,5.47,9.0,0-1-1,réel_haut_long_complexe,,,,,,,
11,différent,Adj ,4.67,9.0,0-1-1,réel_haut_long_complexe,,,,,,,
12,contraire,Adj/N,4.98,9.0,0-1-1,réel_haut_long_complexe,,,,,,,
13,également,Adv,5.59,9.0,0-1-1,réel_haut_long_complexe,,,,,,,
14,américain,N/Adj,5.06,9.0,0-1-1,réel_haut_long_complexe,,,,,,,
15,personnel,N/Adj,4.95,9.0,0-1-1,réel_haut_long_complexe,,,,,,,
1,bafé,,,,,pseudo_court_simple,4.0,,,1.0,bafé,4.0,
2,baic,,,,,pseudo_court_simple,4.0,,,2.0,boto,4.0,
3,bait,,,,,pseudo_court_simple,4.0,,,3.0,caie,4.0,
4,bame,,,,,pseudo_court_simple,4.0,,,4.0,chin,4.0,
5,bane,,,,,pseudo_court_simple,4.0,,,5.0,cief,4.0,
6,bant,,,,,pseudo_court_simple,4.0,,,6.0,fonc,4.0,
7,bobe,,,,,pseudo_court_simple,4.0,,,7.0,lone,4.0,
8,bone,,,,,pseudo_court_simple,4.0,,,8.0,nuin,4.0,
9,boto,,,,,pseudo_court_simple,4.0,,,9.0,oear,4.0,
10,boup,,,,,pseudo_court_simple,4.0,,,10.0,ponc,4.0,
11,boux,,,,,pseudo_court_simple,4.0,,,11.0,ronc,4.0,
12,caic,,,,,pseudo_court_simple,4.0,,,12.0,vaic,4.0,
13,caie,,,,,pseudo_court_simple,4.0,,,13.0,vame,4.0,
14,cain,,,,,pseudo_court_simple,4.0,,,14.0,vave,4.0,
15,cait,,,,,pseudo_court_simple,4.0,,,15.0,veur,4.0,
16,canc,,,,,pseudo_court_simple,4.0,,,1.0,aiver,5.0,
17,cant,,,,,pseudo_court_simple,4.0,,,2.0,auche,5.0,
18,chau,,,,,pseudo_court_simple,4.0,,,3.0,coêle,5.0,
19,chin,,,,,pseudo_court_simple,4.0,,,4.0,grune,5.0,
20,chit,,,,,pseudo_court_simple,4.0,,,5.0,hacal,5.0,
21,cief,,,,,pseudo_court_simple,4.0,,,6.0,hiane,5.0,
22,cieu,,,,,pseudo_court_simple,4.0,,,7.0,lacre,5.0,
23,clel,,,,,pseudo_court_simple,4.0,,,8.0,ladio,5.0,
24,cleu,,,,,pseudo_court_simple,4.0,,,9.0,loile,5.0,
25,fobe,,,,,pseudo_court_simple,4.0,,,10.0,moilà,5.0,
26,fonc,,,,,pseudo_court_simple,4.0,,,11.0,pocal,5.0,
27,foto,,,,,pseudo_court_simple,4.0,,,12.0,prilà,5.0,
28,foue,,,,,pseudo_court_simple,4.0,,,13.0,règue,5.0,
29,fouf,,,,,pseudo_court_simple,4.0,,,14.0,vocre,5.0,
30,foup,,,,,pseudo_court_simple,4.0,,,15.0,voure,5.0,
31,foux,,,,,pseudo_court_simple,4.0,,,1.0,camais,6.0,
32,lafé,,,,,pseudo_court_simple,4.0,,,2.0,cloire,6.0,
33,lage,,,,,pseudo_court_simple,4.0,,,3.0,cranas,6.0,
34,laic,,,,,pseudo_court_simple,4.0,,,4.0,crange,6.0,
35,lain,,,,,pseudo_court_simple,4.0,,,5.0,gloche,6.0,
36,lanc,,,,,pseudo_court_simple,4.0,,,6.0,jamion,6.0,
37,lane,,,,,pseudo_court_simple,4.0,,,7.0,maisin,6.0,
38,lant,,,,,pseudo_court_simple,4.0,,,8.0,oranas,6.0,
39,lase,,,,,pseudo_court_simple,4.0,,,9.0,orayon,6.0,
40,lone,,,,,pseudo_court_simple,4.0,,,10.0,salais,6.0,
41,lont,,,,,pseudo_court_simple,4.0,,,11.0,salise,6.0,
42,lour,,,,,pseudo_court_simple,4.0,,,12.0,solade,6.0,
43,loux,,,,,pseudo_court_simple,4.0,,,13.0,solant,6.0,
44,mief,,,,,pseudo_court_simple,4.0,,,14.0,volade,6.0,
45,mieu,,,,,pseudo_court_simple,4.0,,,15.0,voleil,6.0,
46,mobe,,,,,pseudo_court_simple,4.0,,,,,,
47,mone,,,,,pseudo_court_simple,4.0,,,,,,
48,mouf,,,,,pseudo_court_simple,4.0,,,,,,
49,moup,,,,,pseudo_court_simple,4.0,,,,,,
50,mour,,,,,pseudo_court_simple,4.0,,,,,,
51,moux,,,,,pseudo_court_simple,4.0,,,,,,
52,nafé,,,,,pseudo_court_simple,4.0,,,,,,
53,naie,,,,,pseudo_court_simple,4.0,,,,,,
54,nait,,,,,pseudo_court_simple,4.0,,,,,,
55,name,,,,,pseudo_court_simple,4.0,,,,,,
56,nanc,,,,,pseudo_court_simple,4.0,,,,,,
57,nane,,,,,pseudo_court_simple,4.0,,,,,,
58,nuic,,,,,pseudo_court_simple,4.0,,,,,,
59,nuie,,,,,pseudo_court_simple,4.0,,,,,,
60,nuin,,,,,pseudo_court_simple,4.0,,,,,,
61,oear,,,,,pseudo_court_simple,4.0,,,,,,
62,oeau,,,,,pseudo_court_simple,4.0,,,,,,
63,oenc,,,,,pseudo_court_simple,4.0,,,,,,
64,oent,,,,,pseudo_court_simple,4.0,,,,,,
65,oeue,,,,,pseudo_court_simple,4.0,,,,,,
66,oeur,,,,,pseudo_court_simple,4.0,,,,,,
67,pnef,,,,,pseudo_court_simple,4.0,,,,,,
68,pnel,,,,,pseudo_court_simple,4.0,,,,,,
69,pobe,,,,,pseudo_court_simple,4.0,,,,,,
70,ponc,,,,,pseudo_court_simple,4.0,,,,,,
71,pone,,,,,pseudo_court_simple,4.0,,,,,,
72,poto,,,,,pseudo_court_simple,4.0,,,,,,
73,poue,,,,,pseudo_court_simple,4.0,,,,,,
74,poup,,,,,pseudo_court_simple,4.0,,,,,,
75,rafé,,,,,pseudo_court_simple,4.0,,,,,,
76,raic,,,,,pseudo_court_simple,4.0,,,,,,
77,rant,,,,,pseudo_court_simple,4.0,,,,,,
78,ronc,,,,,pseudo_court_simple,4.0,,,,,,
79,rone,,,,,pseudo_court_simple,4.0,,,,,,
80,ront,,,,,pseudo_court_simple,4.0,,,,,,
81,roup,,,,,pseudo_court_simple,4.0,,,,,,
82,rour,,,,,pseudo_court_simple,4.0,,,,,,
83,scic,,,,,pseudo_court_simple,4.0,,,,,,
84,scin,,,,,pseudo_court_simple,4.0,,,,,,
85,scit,,,,,pseudo_court_simple,4.0,,,,,,
86,vafé,,,,,pseudo_court_simple,4.0,,,,,,
87,vage,,,,,pseudo_court_simple,4.0,,,,,,
88,vaic,,,,,pseudo_court_simple,4.0,,,,,,
89,vaie,,,,,pseudo_court_simple,4.0,,,,,,
90,vait,,,,,pseudo_court_simple,4.0,,,,,,
91,vame,,,,,pseudo_court_simple,4.0,,,,,,
92,vanc,,,,,pseudo_court_simple,4.0,,,,,,
93,vant,,,,,pseudo_court_simple,4.0,,,,,,
94,vave,,,,,pseudo_court_simple,4.0,,,,,,
95,vear,,,,,pseudo_court_simple,4.0,,,,,,
96,venc,,,,,pseudo_court_simple,4.0,,,,,,
97,vene,,,,,pseudo_court_simple,4.0,,,,,,
98,veue,,,,,pseudo_court_simple,4.0,,,,,,
99,veup,,,,,pseudo_court_simple,4.0,,,,,,
100,veur,,,,,pseudo_court_simple,4.0,,,,,,
1,aiant,,,,,pseudo_court_simple,5.0,,,,,,
2,aibon,,,,,pseudo_court_simple,5.0,,,,,,
3,ainte,,,,,pseudo_court_simple,5.0,,,,,,
4,aiver,,,,,pseudo_court_simple,5.0,,,,,,
5,ancal,,,,,pseudo_court_simple,5.0,,,,,,
6,auche,,,,,pseudo_court_simple,5.0,,,,,,
7,avace,,,,,pseudo_court_simple,5.0,,,,,,
8,avaci,,,,,pseudo_court_simple,5.0,,,,,,
9,avave,,,,,pseudo_court_simple,5.0,,,,,,
10,brace,,,,,pseudo_court_simple,5.0,,,,,,
11,brâce,,,,,pseudo_court_simple,5.0,,,,,,
12,brano,,,,,pseudo_court_simple,5.0,,,,,,
13,brice,,,,,pseudo_court_simple,5.0,,,,,,
14,brile,,,,,pseudo_court_simple,5.0,,,,,,
15,brulà,,,,,pseudo_court_simple,5.0,,,,,,
16,brule,,,,,pseudo_court_simple,5.0,,,,,,
17,brunt,,,,,pseudo_court_simple,5.0,,,,,,
18,claci,,,,,pseudo_court_simple,5.0,,,,,,
19,clane,,,,,pseudo_court_simple,5.0,,,,,,
20,clano,,,,,pseudo_court_simple,5.0,,,,,,
21,clave,,,,,pseudo_court_simple,5.0,,,,,,
22,cocre,,,,,pseudo_court_simple,5.0,,,,,,
23,coêle,,,,,pseudo_court_simple,5.0,,,,,,
24,coeue,,,,,pseudo_court_simple,5.0,,,,,,
25,coice,,,,,pseudo_court_simple,5.0,,,,,,
26,coile,,,,,pseudo_court_simple,5.0,,,,,,
27,glant,,,,,pseudo_court_simple,5.0,,,,,,
28,glave,,,,,pseudo_court_simple,5.0,,,,,,
29,glown,,,,,pseudo_court_simple,5.0,,,,,,
30,grâci,,,,,pseudo_court_simple,5.0,,,,,,
31,gribe,,,,,pseudo_court_simple,5.0,,,,,,
32,grice,,,,,pseudo_court_simple,5.0,,,,,,
33,grile,,,,,pseudo_court_simple,5.0,,,,,,
34,grule,,,,,pseudo_court_simple,5.0,,,,,,
35,grune,,,,,pseudo_court_simple,5.0,,,,,,
36,grure,,,,,pseudo_court_simple,5.0,,,,,,
37,hacal,,,,,pseudo_court_simple,5.0,,,,,,
38,hacre,,,,,pseudo_court_simple,5.0,,,,,,
39,hadio,,,,,pseudo_court_simple,5.0,,,,,,
40,hagur,,,,,pseudo_court_simple,5.0,,,,,,
41,hampa,,,,,pseudo_court_simple,5.0,,,,,,
42,heule,,,,,pseudo_court_simple,5.0,,,,,,
43,heuno,,,,,pseudo_court_simple,5.0,,,,,,
44,hiane,,,,,pseudo_court_simple,5.0,,,,,,
45,hiano,,,,,pseudo_court_simple,5.0,,,,,,
46,hiave,,,,,pseudo_court_simple,5.0,,,,,,
47,hinon,,,,,pseudo_court_simple,5.0,,,,,,
48,hinou,,,,,pseudo_court_simple,5.0,,,,,,
49,hinsi,,,,,pseudo_court_simple,5.0,,,,,,
50,hinte,,,,,pseudo_court_simple,5.0,,,,,,
51,hoeue,,,,,pseudo_court_simple,5.0,,,,,,
52,hoibe,,,,,pseudo_court_simple,5.0,,,,,,
53,hoice,,,,,pseudo_court_simple,5.0,,,,,,
54,honou,,,,,pseudo_court_simple,5.0,,,,,,
55,honsi,,,,,pseudo_court_simple,5.0,,,,,,
56,houre,,,,,pseudo_court_simple,5.0,,,,,,
57,lacre,,,,,pseudo_court_simple,5.0,,,,,,
58,ladio,,,,,pseudo_court_simple,5.0,,,,,,
59,laglà,,,,,pseudo_court_simple,5.0,,,,,,
60,lagle,,,,,pseudo_court_simple,5.0,,,,,,
61,lague,,,,,pseudo_court_simple,5.0,,,,,,
62,loile,,,,,pseudo_court_simple,5.0,,,,,,
63,loêle,,,,,pseudo_court_simple,5.0,,,,,,
64,loeue,,,,,pseudo_court_simple,5.0,,,,,,
65,loeur,,,,,pseudo_court_simple,5.0,,,,,,
66,loile,,,,,pseudo_court_simple,5.0,,,,,,
67,lonsi,,,,,pseudo_court_simple,5.0,,,,,,
68,moeur,,,,,pseudo_court_simple,5.0,,,,,,
69,moibe,,,,,pseudo_court_simple,5.0,,,,,,
70,moici,,,,,pseudo_court_simple,5.0,,,,,,
71,moilà,,,,,pseudo_court_simple,5.0,,,,,,
72,piaci,,,,,pseudo_court_simple,5.0,,,,,,
73,piave,,,,,pseudo_court_simple,5.0,,,,,,
74,pinou,,,,,pseudo_court_simple,5.0,,,,,,
75,pocal,,,,,pseudo_court_simple,5.0,,,,,,
76,poeur,,,,,pseudo_court_simple,5.0,,,,,,
77,poibe,,,,,pseudo_court_simple,5.0,,,,,,
78,poice,,,,,pseudo_court_simple,5.0,,,,,,
79,pouno,,,,,pseudo_court_simple,5.0,,,,,,
80,prâce,,,,,pseudo_court_simple,5.0,,,,,,
81,prâci,,,,,pseudo_court_simple,5.0,,,,,,
82,prane,,,,,pseudo_court_simple,5.0,,,,,,
83,price,,,,,pseudo_court_simple,5.0,,,,,,
84,prici,,,,,pseudo_court_simple,5.0,,,,,,
85,prilà,,,,,pseudo_court_simple,5.0,,,,,,
86,prile,,,,,pseudo_court_simple,5.0,,,,,,
87,racre,,,,,pseudo_court_simple,5.0,,,,,,
88,rague,,,,,pseudo_court_simple,5.0,,,,,,
89,règue,,,,,pseudo_court_simple,5.0,,,,,,
90,règur,,,,,pseudo_court_simple,5.0,,,,,,
91,siaci,,,,,pseudo_court_simple,5.0,,,,,,
92,siver,,,,,pseudo_court_simple,5.0,,,,,,
93,sussi,,,,,pseudo_court_simple,5.0,,,,,,
94,vocre,,,,,pseudo_court_simple,5.0,,,,,,
95,voêle,,,,,pseudo_court_simple,5.0,,,,,,
96,voeue,,,,,pseudo_court_simple,5.0,,,,,,
97,voibe,,,,,pseudo_court_simple,5.0,,,,,,
98,voice,,,,,pseudo_court_simple,5.0,,,,,,
99,vonsi,,,,,pseudo_court_simple,5.0,,,,,,
100,voure,,,,,pseudo_court_simple,5.0,,,,,,
1,balant,,,,,pseudo_court_simple,6.0,,,,,,
2,maisin,,,,,pseudo_court_simple,6.0,,,,,,
3,camais,,,,,pseudo_court_simple,6.0,,,,,,
4,solais,,,,,pseudo_court_simple,6.0,,,,,,
5,crange,,,,,pseudo_court_simple,6.0,,,,,,
6,cranas,,,,,pseudo_court_simple,6.0,,,,,,
7,orayon,,,,,pseudo_court_simple,6.0,,,,,,
8,gloche,,,,,pseudo_court_simple,6.0,,,,,,
9,salise,,,,,pseudo_court_simple,6.0,,,,,,
10,voleil,,,,,pseudo_court_simple,6.0,,,,,,
11,solant,,,,,pseudo_court_simple,6.0,,,,,,
12,oranas,,,,,pseudo_court_simple,6.0,,,,,,
13,cloire,,,,,pseudo_court_simple,6.0,,,,,,
14,valade,,,,,pseudo_court_simple,6.0,,,,,,
15,volade,,,,,pseudo_court_simple,6.0,,,,,,
16,jamion,,,,,pseudo_court_simple,6.0,,,,,,
17,salais,,,,,pseudo_court_simple,6.0,,,,,,
18,anange,,,,,pseudo_court_simple,6.0,,,,,,
19,solade,,,,,pseudo_court_simple,6.0,,,,,,
1,bali,,,,,pseudo_court_complexe,4.0,,,1.0,baté,4.0,
2,bant,,,,,pseudo_court_complexe,4.0,,,2.0,fécu,4.0,
3,baté,,,,,pseudo_court_complexe,4.0,,,3.0,fuée,4.0,
4,boie,,,,,pseudo_court_complexe,4.0,,,4.0,moli,4.0,
5,boli,,,,,pseudo_court_complexe,4.0,,,5.0,rans,4.0,
6,bonu,,,,,pseudo_court_complexe,4.0,,,6.0,rore,4.0,
7,bori,,,,,pseudo_court_complexe,4.0,,,7.0,sase,4.0,
8,bors,,,,,pseudo_court_complexe,4.0,,,8.0,seli,4.0,
9,bort,,,,,pseudo_court_complexe,4.0,,,9.0,sore,4.0,
10,boux,,,,,pseudo_court_complexe,4.0,,,10.0,susé,4.0,
11,buri,,,,,pseudo_court_complexe,4.0,,,11.0,tase,4.0,
12,burs,,,,,pseudo_court_complexe,4.0,,,12.0,vécs,4.0,
13,busé,,,,,pseudo_court_complexe,4.0,,,13.0,vées,4.0,
14,doie,,,,,pseudo_court_complexe,4.0,,,14.0,yecu,4.0,
15,doli,,,,,pseudo_court_complexe,4.0,,,15.0,yent,4.0,
16,dols,,,,,pseudo_court_complexe,4.0,,,1.0,ailif,5.0,
17,dori,,,,,pseudo_court_complexe,4.0,,,2.0,belet,5.0,
18,doue,,,,,pseudo_court_complexe,4.0,,,3.0,bevol,5.0,
19,dous,,,,,pseudo_court_complexe,4.0,,,4.0,chage,5.0,
20,fécs,,,,,pseudo_court_complexe,4.0,,,5.0,clour,5.0,
21,fécu,,,,,pseudo_court_complexe,4.0,,,6.0,enfur,5.0,
22,fuée,,,,,pseudo_court_complexe,4.0,,,7.0,galin,5.0,
23,fure,,,,,pseudo_court_complexe,4.0,,,8.0,impue,5.0,
24,furi,,,,,pseudo_court_complexe,4.0,,,9.0,naiet,5.0,
25,futs,,,,,pseudo_court_complexe,4.0,,,10.0,pasal,5.0,
26,livé,,,,,pseudo_court_complexe,4.0,,,11.0,relif,5.0,
27,moie,,,,,pseudo_court_complexe,4.0,,,12.0,remer,5.0,
28,moli,,,,,pseudo_court_complexe,4.0,,,13.0,ronal,5.0,
29,monu,,,,,pseudo_court_complexe,4.0,,,14.0,skiet,5.0,
30,mori,,,,,pseudo_court_complexe,4.0,,,15.0,têtit,5.0,
31,moux,,,,,pseudo_court_complexe,4.0,,,1.0,bartel,6.0,
32,mûrt,,,,,pseudo_court_complexe,4.0,,,2.0,bartes,6.0,
33,rali,,,,,pseudo_court_complexe,4.0,,,3.0,bottel,6.0,
34,rals,,,,,pseudo_court_complexe,4.0,,,4.0,carils,6.0,
35,rans,,,,,pseudo_court_complexe,4.0,,,5.0,doirée,6.0,
36,rant,,,,,pseudo_court_complexe,4.0,,,6.0,fleuds,6.0,
37,ranu,,,,,pseudo_court_complexe,4.0,,,7.0,jourvu,6.0,
38,roie,,,,,pseudo_court_complexe,4.0,,,8.0,mormal,6.0,
39,roli,,,,,pseudo_court_complexe,4.0,,,9.0,noeurs,6.0,
40,rols,,,,,pseudo_court_complexe,4.0,,,10.0,nortel,6.0,
41,ront,,,,,pseudo_court_complexe,4.0,,,11.0,nortes,6.0,
42,rore,,,,,pseudo_court_complexe,4.0,,,12.0,poueur,6.0,
43,rori,,,,,pseudo_court_complexe,4.0,,,13.0,soigts,6.0,
44,rors,,,,,pseudo_court_complexe,4.0,,,14.0,envoré,6.0,
45,rort,,,,,pseudo_court_complexe,4.0,,,15.0,raline,6.0,
46,rous,,,,,pseudo_court_complexe,4.0,,,,,,
47,rure,,,,,pseudo_court_complexe,4.0,,,,,,
48,ruri,,,,,pseudo_court_complexe,4.0,,,,,,
49,rurs,,,,,pseudo_court_complexe,4.0,,,,,,
50,rurt,,,,,pseudo_court_complexe,4.0,,,,,,
51,ruté,,,,,pseudo_court_complexe,4.0,,,,,,
52,ruts,,,,,pseudo_court_complexe,4.0,,,,,,
53,sant,,,,,pseudo_court_complexe,4.0,,,,,,
54,sase,,,,,pseudo_court_complexe,4.0,,,,,,
55,sasé,,,,,pseudo_court_complexe,4.0,,,,,,
56,saté,,,,,pseudo_court_complexe,4.0,,,,,,
57,sats,,,,,pseudo_court_complexe,4.0,,,,,,
58,secu,,,,,pseudo_court_complexe,4.0,,,,,,
59,seli,,,,,pseudo_court_complexe,4.0,,,,,,
60,senu,,,,,pseudo_court_complexe,4.0,,,,,,
61,seue,,,,,pseudo_court_complexe,4.0,,,,,,
62,seus,,,,,pseudo_court_complexe,4.0,,,,,,
63,seux,,,,,pseudo_court_complexe,4.0,,,,,,
64,sonu,,,,,pseudo_court_complexe,4.0,,,,,,
65,sore,,,,,pseudo_court_complexe,4.0,,,,,,
66,surt,,,,,pseudo_court_complexe,4.0,,,,,,
67,suse,,,,,pseudo_court_complexe,4.0,,,,,,
68,susé,,,,,pseudo_court_complexe,4.0,,,,,,
69,suté,,,,,pseudo_court_complexe,4.0,,,,,,
70,suts,,,,,pseudo_court_complexe,4.0,,,,,,
71,tali,,,,,pseudo_court_complexe,4.0,,,,,,
72,tals,,,,,pseudo_court_complexe,4.0,,,,,,
73,tanu,,,,,pseudo_court_complexe,4.0,,,,,,
74,tase,,,,,pseudo_court_complexe,4.0,,,,,,
75,tasé,,,,,pseudo_court_complexe,4.0,,,,,,
76,taté,,,,,pseudo_court_complexe,4.0,,,,,,
77,tats,,,,,pseudo_court_complexe,4.0,,,,,,
78,toli,,,,,pseudo_court_complexe,4.0,,,,,,
79,tols,,,,,pseudo_court_complexe,4.0,,,,,,
80,tont,,,,,pseudo_court_complexe,4.0,,,,,,
81,tonu,,,,,pseudo_court_complexe,4.0,,,,,,
82,tori,,,,,pseudo_court_complexe,4.0,,,,,,
83,vecs,,,,,pseudo_court_complexe,4.0,,,,,,
84,vécs,,,,,pseudo_court_complexe,4.0,,,,,,
85,vecu,,,,,pseudo_court_complexe,4.0,,,,,,
86,vées,,,,,pseudo_court_complexe,4.0,,,,,,
87,veli,,,,,pseudo_court_complexe,4.0,,,,,,
88,vels,,,,,pseudo_court_complexe,4.0,,,,,,
89,vens,,,,,pseudo_court_complexe,4.0,,,,,,
90,veue,,,,,pseudo_court_complexe,4.0,,,,,,
91,veus,,,,,pseudo_court_complexe,4.0,,,,,,
92,vité,,,,,pseudo_court_complexe,4.0,,,,,,
93,vivé,,,,,pseudo_court_complexe,4.0,,,,,,
94,yecs,,,,,pseudo_court_complexe,4.0,,,,,,
95,yecu,,,,,pseudo_court_complexe,4.0,,,,,,
96,yeli,,,,,pseudo_court_complexe,4.0,,,,,,
97,yels,,,,,pseudo_court_complexe,4.0,,,,,,
98,yent,,,,,pseudo_court_complexe,4.0,,,,,,
99,yeue,,,,,pseudo_court_complexe,4.0,,,,,,
100,yeus,,,,,pseudo_court_complexe,4.0,,,,,,
1,ailif,,,,,pseudo_court_complexe,5.0,,,,,,
2,ailin,,,,,pseudo_court_complexe,5.0,,,,,,
3,ailit,,,,,pseudo_court_complexe,5.0,,,,,,
4,ainal,,,,,pseudo_court_complexe,5.0,,,,,,
5,ainté,,,,,pseudo_court_complexe,5.0,,,,,,
6,aints,,,,,pseudo_court_complexe,5.0,,,,,,
7,belet,,,,,pseudo_court_complexe,5.0,,,,,,
8,belif,,,,,pseudo_court_complexe,5.0,,,,,,
9,belin,,,,,pseudo_court_complexe,5.0,,,,,,
10,bemes,,,,,pseudo_court_complexe,5.0,,,,,,
11,bemet,,,,,pseudo_court_complexe,5.0,,,,,,
12,bevol,,,,,pseudo_court_complexe,5.0,,,,,,
13,bevui,,,,,pseudo_court_complexe,5.0,,,,,,
14,bevur,,,,,pseudo_court_complexe,5.0,,,,,,
15,bevus,,,,,pseudo_court_complexe,5.0,,,,,,
16,chage,,,,,pseudo_court_complexe,5.0,,,,,,
17,chaté,,,,,pseudo_court_complexe,5.0,,,,,,
18,choue,,,,,pseudo_court_complexe,5.0,,,,,,
19,choui,,,,,pseudo_court_complexe,5.0,,,,,,
20,chous,,,,,pseudo_court_complexe,5.0,,,,,,
21,clour,,,,,pseudo_court_complexe,5.0,,,,,,
22,cloux,,,,,pseudo_court_complexe,5.0,,,,,,
23,enfif,,,,,pseudo_court_complexe,5.0,,,,,,
24,enfit,,,,,pseudo_court_complexe,5.0,,,,,,
25,enfue,,,,,pseudo_court_complexe,5.0,,,,,,
26,enfur,,,,,pseudo_court_complexe,5.0,,,,,,
27,enfus,,,,,pseudo_court_complexe,5.0,,,,,,
28,enfux,,,,,pseudo_court_complexe,5.0,,,,,,
29,envue,,,,,pseudo_court_complexe,5.0,,,,,,
30,envui,,,,,pseudo_court_complexe,5.0,,,,,,
31,envur,,,,,pseudo_court_complexe,5.0,,,,,,
32,envus,,,,,pseudo_court_complexe,5.0,,,,,,
33,envux,,,,,pseudo_court_complexe,5.0,,,,,,
34,filit,,,,,pseudo_court_complexe,5.0,,,,,,
35,fints,,,,,pseudo_court_complexe,5.0,,,,,,
36,gaier,,,,,pseudo_court_complexe,5.0,,,,,,
37,gaits,,,,,pseudo_court_complexe,5.0,,,,,,
38,galer,,,,,pseudo_court_complexe,5.0,,,,,,
39,galif,,,,,pseudo_court_complexe,5.0,,,,,,
40,galin,,,,,pseudo_court_complexe,5.0,,,,,,
41,gruer,,,,,pseudo_court_complexe,5.0,,,,,,
42,gruet,,,,,pseudo_court_complexe,5.0,,,,,,
43,hâtin,,,,,pseudo_court_complexe,5.0,,,,,,
44,impue,,,,,pseudo_court_complexe,5.0,,,,,,
45,impui,,,,,pseudo_court_complexe,5.0,,,,,,
46,impus,,,,,pseudo_court_complexe,5.0,,,,,,
47,impux,,,,,pseudo_court_complexe,5.0,,,,,,
48,maier,,,,,pseudo_court_complexe,5.0,,,,,,
49,maiet,,,,,pseudo_court_complexe,5.0,,,,,,
50,maits,,,,,pseudo_court_complexe,5.0,,,,,,
51,malif,,,,,pseudo_court_complexe,5.0,,,,,,
52,masal,,,,,pseudo_court_complexe,5.0,,,,,,
53,mueur,,,,,pseudo_court_complexe,5.0,,,,,,
54,mueux,,,,,pseudo_court_complexe,5.0,,,,,,
55,naies,,,,,pseudo_court_complexe,5.0,,,,,,
56,naiet,,,,,pseudo_court_complexe,5.0,,,,,,
57,naits,,,,,pseudo_court_complexe,5.0,,,,,,
58,nales,,,,,pseudo_court_complexe,5.0,,,,,,
59,paiet,,,,,pseudo_court_complexe,5.0,,,,,,
60,paits,,,,,pseudo_court_complexe,5.0,,,,,,
61,palif,,,,,pseudo_court_complexe,5.0,,,,,,
62,pasal,,,,,pseudo_court_complexe,5.0,,,,,,
63,ponal,,,,,pseudo_court_complexe,5.0,,,,,,
64,pouer,,,,,pseudo_court_complexe,5.0,,,,,,
65,poues,,,,,pseudo_court_complexe,5.0,,,,,,
66,pouet,,,,,pseudo_court_complexe,5.0,,,,,,
67,rains,,,,,pseudo_court_complexe,5.0,,,,,,
68,rales,,,,,pseudo_court_complexe,5.0,,,,,,
69,ralin,,,,,pseudo_court_complexe,5.0,,,,,,
70,ralle,,,,,pseudo_court_complexe,5.0,,,,,,
71,reier,,,,,pseudo_court_complexe,5.0,,,,,,
72,reies,,,,,pseudo_court_complexe,5.0,,,,,,
73,reiet,,,,,pseudo_court_complexe,5.0,,,,,,
74,reits,,,,,pseudo_court_complexe,5.0,,,,,,
75,reles,,,,,pseudo_court_complexe,5.0,,,,,,
76,relif,,,,,pseudo_court_complexe,5.0,,,,,,
77,relin,,,,,pseudo_court_complexe,5.0,,,,,,
78,relle,,,,,pseudo_court_complexe,5.0,,,,,,
79,remer,,,,,pseudo_court_complexe,5.0,,,,,,
80,remes,,,,,pseudo_court_complexe,5.0,,,,,,
81,revol,,,,,pseudo_court_complexe,5.0,,,,,,
82,revui,,,,,pseudo_court_complexe,5.0,,,,,,
83,revur,,,,,pseudo_court_complexe,5.0,,,,,,
84,revux,,,,,pseudo_court_complexe,5.0,,,,,,
85,ronal,,,,,pseudo_court_complexe,5.0,,,,,,
86,ronts,,,,,pseudo_court_complexe,5.0,,,,,,
87,skiet,,,,,pseudo_court_complexe,5.0,,,,,,
88,skité,,,,,pseudo_court_complexe,5.0,,,,,,
89,skits,,,,,pseudo_court_complexe,5.0,,,,,,
90,têter,,,,,pseudo_court_complexe,5.0,,,,,,
91,têtif,,,,,pseudo_court_complexe,5.0,,,,,,
92,têtin,,,,,pseudo_court_complexe,5.0,,,,,,
93,têtit,,,,,pseudo_court_complexe,5.0,,,,,,
94,tueue,,,,,pseudo_court_complexe,5.0,,,,,,
95,tueui,,,,,pseudo_court_complexe,5.0,,,,,,
96,tueus,,,,,pseudo_court_complexe,5.0,,,,,,
97,tueux,,,,,pseudo_court_complexe,5.0,,,,,,
98,tural,,,,,pseudo_court_complexe,5.0,,,,,,
99,usaté,,,,,pseudo_court_complexe,5.0,,,,,,
100,usats,,,,,pseudo_court_complexe,5.0,,,,,,
1,bartel,,,,,pseudo_court_complexe,6.0,,,,,,
2,bartes,,,,,pseudo_court_complexe,6.0,,,,,,
3,bottel,,,,,pseudo_court_complexe,6.0,,,,,,
4,carils,,,,,pseudo_court_complexe,6.0,,,,,,
5,doirée,,,,,pseudo_court_complexe,6.0,,,,,,
6,fleuds,,,,,pseudo_court_complexe,6.0,,,,,,
7,jourvu,,,,,pseudo_court_complexe,6.0,,,,,,
8,mormal,,,,,pseudo_court_complexe,6.0,,,,,,
9,noeurs,,,,,pseudo_court_complexe,6.0,,,,,,
10,nortel,,,,,pseudo_court_complexe,6.0,,,,,,
11,nortes,,,,,pseudo_court_complexe,6.0,,,,,,
12,poueur,,,,,pseudo_court_complexe,6.0,,,,,,
13,soigts,,,,,pseudo_court_complexe,6.0,,,,,,
1,boudron,,,,,pseudo_long_simple,7.0,,,1.0,boudron,7.0,
2,bourage,,,,,pseudo_long_simple,7.0,,,2.0,bouvoie,7.0,
3,bouvoie,,,,,pseudo_long_simple,7.0,,,3.0,chapent,7.0,
4,chapent,,,,,pseudo_long_simple,7.0,,,4.0,constal,7.0,
5,constal,,,,,pseudo_long_simple,7.0,,,5.0,coudron,7.0,
6,coudron,,,,,pseudo_long_simple,7.0,,,6.0,courbon,7.0,
7,courbon,,,,,pseudo_long_simple,7.0,,,7.0,gourage,7.0,
8,couvoie,,,,,pseudo_long_simple,7.0,,,8.0,gourbon,7.0,
9,gourage,,,,,pseudo_long_simple,7.0,,,9.0,gouvoie,7.0,
10,gourbon,,,,,pseudo_long_simple,7.0,,,10.0,greille,7.0,
11,gouvoie,,,,,pseudo_long_simple,7.0,,,11.0,hôpitat,7.0,
12,greille,,,,,pseudo_long_simple,7.0,,,12.0,orenade,7.0,
13,hôpitat,,,,,pseudo_long_simple,7.0,,,13.0,serpeau,7.0,
14,orenade,,,,,pseudo_long_simple,7.0,,,14.0,vourage,7.0,
15,serpeau,,,,,pseudo_long_simple,7.0,,,15.0,vourbon,7.0,
16,voudron,,,,,pseudo_long_simple,7.0,,,1.0,absietti,8.0,
17,vourage,,,,,pseudo_long_simple,7.0,,,2.0,agrisson,8.0,
18,vourbon,,,,,pseudo_long_simple,7.0,,,3.0,assinthe,8.0,
1,absiette,,,,,pseudo_long_simple,8.0,,,4.0,carruque,8.0,
2,absietti,,,,,pseudo_long_simple,8.0,,,5.0,chalgame,8.0,
3,agrisson,,,,,pseudo_long_simple,8.0,,,6.0,chocoeur,8.0,
4,amalange,,,,,pseudo_long_simple,8.0,,,7.0,courmand,8.0,
5,assietti,,,,,pseudo_long_simple,8.0,,,8.0,couvetti,8.0,
6,assinthe,,,,,pseudo_long_simple,8.0,,,9.0,creverte,8.0,
7,carruque,,,,,pseudo_long_simple,8.0,,,10.0,gouverte,8.0,
8,chalange,,,,,pseudo_long_simple,8.0,,,11.0,héricole,8.0,
9,chalgame,,,,,pseudo_long_simple,8.0,,,12.0,perrosse,8.0,
10,chocoeur,,,,,pseudo_long_simple,8.0,,,13.0,phalgame,8.0,
11,confette,,,,,pseudo_long_simple,8.0,,,14.0,phapitre,8.0,
12,courmand,,,,,pseudo_long_simple,8.0,,,15.0,rancolat,8.0,
13,courmant,,,,,pseudo_long_simple,8.0,,,1.0,acquestre,9.0,
14,couvette,,,,,pseudo_long_simple,8.0,,,2.0,aubellule,9.0,
15,couvetti,,,,,pseudo_long_simple,8.0,,,3.0,bourgerou,9.0,
16,creverte,,,,,pseudo_long_simple,8.0,,,4.0,consenlit,9.0,
17,crevetti,,,,,pseudo_long_simple,8.0,,,5.0,dingembre,9.0,
18,elephand,,,,,pseudo_long_simple,8.0,,,6.0,dinoscope,9.0,
19,gourmant,,,,,pseudo_long_simple,8.0,,,7.0,ginosaure,9.0,
20,gouverte,,,,,pseudo_long_simple,8.0,,,8.0,hurricite,9.0,
21,gouvette,,,,,pseudo_long_simple,8.0,,,9.0,kangouste,9.0,
22,héricole,,,,,pseudo_long_simple,8.0,,,10.0,libellite,9.0,
23,perrosse,,,,,pseudo_long_simple,8.0,,,11.0,orchessus,9.0,
24,phalgame,,,,,pseudo_long_simple,8.0,,,12.0,piédestre,9.0,
25,phapitre,,,,,pseudo_long_simple,8.0,,,13.0,procestre,9.0,
26,rancolat,,,,,pseudo_long_simple,8.0,,,14.0,procodile,9.0,
1,acquessus,,,,,pseudo_long_simple,9.0,,,15.0,sollicane,9.0,
2,acquestal,,,,,pseudo_long_simple,9.0,,,,,,
3,acquestre,,,,,pseudo_long_simple,9.0,,,,,,
4,acquieste,,,,,pseudo_long_simple,9.0,,,,,,
5,aubellite,,,,,pseudo_long_simple,9.0,,,,,,
6,aubellule,,,,,pseudo_long_simple,9.0,,,,,,
7,bourgerou,,,,,pseudo_long_simple,9.0,,,,,,
8,boussière,,,,,pseudo_long_simple,9.0,,,,,,
9,consenlit,,,,,pseudo_long_simple,9.0,,,,,,
10,crocessus,,,,,pseudo_long_simple,9.0,,,,,,
11,crocestal,,,,,pseudo_long_simple,9.0,,,,,,
12,crocestre,,,,,pseudo_long_simple,9.0,,,,,,
13,dingembre,,,,,pseudo_long_simple,9.0,,,,,,
14,dingouron,,,,,pseudo_long_simple,9.0,,,,,,
15,dingourou,,,,,pseudo_long_simple,9.0,,,,,,
16,dingouste,,,,,pseudo_long_simple,9.0,,,,,,
17,dinoscope,,,,,pseudo_long_simple,9.0,,,,,,
18,gingouron,,,,,pseudo_long_simple,9.0,,,,,,
19,gingourou,,,,,pseudo_long_simple,9.0,,,,,,
20,gingouste,,,,,pseudo_long_simple,9.0,,,,,,
21,ginosaure,,,,,pseudo_long_simple,9.0,,,,,,
22,ginoscope,,,,,pseudo_long_simple,9.0,,,,,,
23,horosaure,,,,,pseudo_long_simple,9.0,,,,,,
24,hurricite,,,,,pseudo_long_simple,9.0,,,,,,
25,kangembre,,,,,pseudo_long_simple,9.0,,,,,,
26,kangouron,,,,,pseudo_long_simple,9.0,,,,,,
27,kangouste,,,,,pseudo_long_simple,9.0,,,,,,
28,kanifesça,,,,,pseudo_long_simple,9.0,,,,,,
29,kanifeste,,,,,pseudo_long_simple,9.0,,,,,,
30,langembre,,,,,pseudo_long_simple,9.0,,,,,,
31,langouron,,,,,pseudo_long_simple,9.0,,,,,,
32,langourou,,,,,pseudo_long_simple,9.0,,,,,,
33,lanifesça,,,,,pseudo_long_simple,9.0,,,,,,
34,lanifeste,,,,,pseudo_long_simple,9.0,,,,,,
35,libellite,,,,,pseudo_long_simple,9.0,,,,,,
36,libergine,,,,,pseudo_long_simple,9.0,,,,,,
37,mangembre,,,,,pseudo_long_simple,9.0,,,,,,
38,mangouron,,,,,pseudo_long_simple,9.0,,,,,,
39,mangourou,,,,,pseudo_long_simple,9.0,,,,,,
40,manifesça,,,,,pseudo_long_simple,9.0,,,,,,
41,orchessus,,,,,pseudo_long_simple,9.0,,,,,,
42,orchestal,,,,,pseudo_long_simple,9.0,,,,,,
43,piédessus,,,,,pseudo_long_simple,9.0,,,,,,
44,piédestre,,,,,pseudo_long_simple,9.0,,,,,,
45,pissensus,,,,,pseudo_long_simple,9.0,,,,,,
46,pourgeron,,,,,pseudo_long_simple,9.0,,,,,,
47,pourgerou,,,,,pseudo_long_simple,9.0,,,,,,
48,pourgogne,,,,,pseudo_long_simple,9.0,,,,,,
49,procestal,,,,,pseudo_long_simple,9.0,,,,,,
50,procestre,,,,,pseudo_long_simple,9.0,,,,,,
51,procodile,,,,,pseudo_long_simple,9.0,,,,,,
52,satellule,,,,,pseudo_long_simple,9.0,,,,,,
53,séquessus,,,,,pseudo_long_simple,9.0,,,,,,
54,séquestal,,,,,pseudo_long_simple,9.0,,,,,,
55,séquiesça,,,,,pseudo_long_simple,9.0,,,,,,
56,séquieste,,,,,pseudo_long_simple,9.0,,,,,,
57,sollicane,,,,,pseudo_long_simple,9.0,,,,,,
1,justial,,,,,pseudo_long_complex,7.0,,,1.0,justial,7.0,
2,étoilet,,,,,pseudo_long_complex,7.0,,,2.0,étoilet,7.0,
3,billons,,,,,pseudo_long_complex,7.0,,,3.0,billons,7.0,
4,baladie,,,,,pseudo_long_complex,7.0,,,4.0,baladie,7.0,
5,spatice,,,,,pseudo_long_complex,7.0,,,5.0,spatice,7.0,
6,mallons,,,,,pseudo_long_complex,7.0,,,6.0,mallons,7.0,
7,défonnu,,,,,pseudo_long_complex,7.0,,,7.0,défonnu,7.0,
8,tortail,,,,,pseudo_long_complex,7.0,,,8.0,tortail,7.0,
9,billeau,,,,,pseudo_long_complex,7.0,,,9.0,billeau,7.0,
10,inconce,,,,,pseudo_long_complex,7.0,,,10.0,inconce,7.0,
11,portues,,,,,pseudo_long_complex,7.0,,,11.0,portues,7.0,
12,balleau,,,,,pseudo_long_complex,7.0,,,12.0,balleau,7.0,
13,mallets,,,,,pseudo_long_complex,7.0,,,13.0,mallets,7.0,
14,roulets,,,,,pseudo_long_complex,7.0,,,14.0,roulets,7.0,
15,malleau,,,,,pseudo_long_complex,7.0,,,15.0,malleau,7.0,
1,instagne,,,,,pseudo_long_complex,8.0,,,1.0,céréalet,8.0,
2,sécision,,,,,pseudo_long_complex,8.0,,,2.0,chevales,8.0,
3,vrançais,,,,,pseudo_long_complex,8.0,,,3.0,chiforme,8.0,
4,sucetons,,,,,pseudo_long_complex,8.0,,,4.0,copitole,8.0,
5,uniffres,,,,,pseudo_long_complex,8.0,,,5.0,décurité,8.0,
6,fraiment,,,,,pseudo_long_complex,8.0,,,6.0,fraiment,8.0,
7,chiforme,,,,,pseudo_long_complex,8.0,,,7.0,instagne,8.0,
8,céréalet,,,,,pseudo_long_complex,8.0,,,8.0,montable,8.0,
9,chevales,,,,,pseudo_long_complex,8.0,,,9.0,nonlexie,8.0,
10,décurité,,,,,pseudo_long_complex,8.0,,,10.0,sécision,8.0,
11,montable,,,,,pseudo_long_complex,8.0,,,11.0,souposer,8.0,
1,contrance,,,,,pseudo_long_complex,9.0,,,12.0,sucetons,8.0,
2,inforrent,,,,,pseudo_long_complex,9.0,,,13.0,sursuiva,8.0,
3,incortune,,,,,pseudo_long_complex,9.0,,,14.0,uniffres,8.0,
4,contiment,,,,,pseudo_long_complex,9.0,,,15.0,vrançais,8.0,
5,sentraire,,,,,pseudo_long_complex,9.0,,,1.0,assuraire,9.0,
6,bournevis,,,,,pseudo_long_complex,9.0,,,2.0,bournesol,9.0,
7,bournesol,,,,,pseudo_long_complex,9.0,,,3.0,contiment,9.0,
8,assuraire,,,,,pseudo_long_complex,9.0,,,4.0,contrance,9.0,
9,récompose,,,,,pseudo_long_complex,9.0,,,5.0,déconford,9.0,
10,touteille,,,,,pseudo_long_complex,9.0,,,6.0,décorrect,9.0,
11,déconfort,,,,,pseudo_long_complex,9.0,,,7.0,désespose,9.0,
12,déconford,,,,,pseudo_long_complex,9.0,,,8.0,différect,9.0,
13,désaccort,,,,,pseudo_long_complex,9.0,,,9.0,incompose,9.0,
14,décorrent,,,,,pseudo_long_complex,9.0,,,10.0,recompoir,9.0,
15,incouvert,,,,,pseudo_long_complex,9.0,,,11.0,récompose,9.0,
16,recompoir,,,,,pseudo_long_complex,9.0,,,12.0,recorrent,9.0,
17,incompose,,,,,pseudo_long_complex,9.0,,,13.0,sentraire,9.0,
18,sentrance,,,,,pseudo_long_complex,9.0,,,14.0,sentrance,9.0,
19,incorrent,,,,,pseudo_long_complex,9.0,,,15.0,touteille,9.0,
20,inconford,,,,,pseudo_long_complex,9.0,,,,,,
21,désespose,,,,,pseudo_long_complex,9.0,,,,,,
22,récompoir,,,,,pseudo_long_complex,9.0,,,,,,
23,différect,,,,,pseudo_long_complex,9.0,,,,,,
24,récouvert,,,,,pseudo_long_complex,9.0,,,,,,
25,récorrent,,,,,pseudo_long_complex,9.0,,,,,,
26,réconford,,,,,pseudo_long_complex,9.0,,,,,,
27,recorrect,,,,,pseudo_long_complex,9.0,,,,,,
28,décortune,,,,,pseudo_long_complex,9.0,,,,,,
29,décorrect,,,,,pseudo_long_complex,9.0,,,,,,
30,récortune,,,,,pseudo_long_complex,9.0,,,,,,
31,recortune,,,,,pseudo_long_complex,9.0,,,,,,
32,reconford,,,,,pseudo_long_complex,9.0,,,,,,
33,décompoir,,,,,pseudo_long_complex,9.0,,,,,,
34,reconfort,,,,,pseudo_long_complex,9.0,,,,,,
35,inforrect,,,,,pseudo_long_complex,9.0,,,,,,
36,incompoir,,,,,pseudo_long_complex,9.0,,,,,,
37,recorrent,,,,,pseudo_long_complex,9.0,,,,,,
